Video ID,Title,Descrption,Published At
VIOTkqVYXuM,While loops in Rust #shorts #rust #rustprogramming #software,,2024-09-05T11:33:48Z
cJLRKj_N1dw,Reading Files in Rust - Full Crash Rust Tutorial for Beginners,The Rust series is available here: ...,2024-09-03T13:05:59Z
B0qolOkWNcI,My last experience as an international public speaker at the @_wearedevs conference #shorts #ai,,2024-09-02T12:41:00Z
GTwAnUL5fSc,"Rust - A Journey of Developers, Heroes, Linux Realms and the Battle for Safety - The Code Chronicles","Welcome to ""Rust: The Chronicles of Code"" ‚Äì An Epic Journey Through the Linux Realms and the Battle for Safety. In a realm ...",2024-09-01T09:39:27Z
UmkKTTMbETo,üö®Rust live tutorial - Reading a file,Rust live tutorial - Reading a file.,2024-09-01T02:15:09Z
U_5jNh3tl3k,How did I start on Twitter?? #shorts #twitter,,2024-08-28T11:57:09Z
_T4sE6NEcV0,Build a Rust CLI - Getting Command Line Arguments - Full Crash Rust Tutorial for Beginners,"Lesson Number 33 of the Rust tutorial Series. In this lesson, we will Related Lessons: ...",2024-08-27T13:00:52Z
5Jz1LXfLgRI,Rust&#39;s ecosystem #shorts #programming #rust #rustlang with @KunalKushwaha,,2024-08-26T11:54:54Z
V04sBFtkAwg,AND and OR Operators for If Expressions in Rust #shorts #rustprogramming #rust,ALL THE LINKS HERE: https://francescociulla.com.,2024-08-25T15:31:31Z
eOqulcRtIMc,üö®Rust live tutorial - Get Input Arguments,Rust live tutorial - Get Input Arguments.,2024-08-25T01:52:28Z
D8xszTLI4xw,Rust and Docker - an AI-Powered App,"In this talk, I will discuss two technologies I like: Rust and Docker. Using them, I will show how I solved one of my real-time ...",2024-08-23T11:10:56Z
D_76TcfzDTU,CLI Project Structure - Rust live tutorial,CLI Project Structure - Rust live tutorial.,2024-08-22T12:00:24Z
5mL3mFGQHM0,Environment Variables - Rust live tutorial,Environment Variables - Rust live tutorial.,2024-08-22T12:02:00Z
uMzMDU5q7UY,Test Driven Development in Rust - Rust live tutorial,Test Driven Development in Rust - Rust live tutorial.,2024-08-22T12:01:20Z
HBDA0T-3zL8,Why did Francesco decide to change career and find a job in tech as a software engineer? #shorts,,2024-08-21T15:11:56Z
-TwTUKtCheA,Nested If in Rust #shorts #rustlang #programming #development,ALL THE LINKS HERE: https://francescociulla.com.,2024-08-19T14:22:03Z
iG1WUR0lWKM,Basic Control flow and If expression in Rust #shorts #rustlang #software,,2024-08-16T15:24:47Z
MiLp0InGOkI,Test Integration and organizing tests - Full Crash Rust Tutorial for Beginners,Check this Rust Workbook with a BIG discount: https://francescociulla.gumroad.com/l/rustworkbook/YOUTUBE Test Organization ...,2024-08-13T13:00:31Z
SlBOoJee24c,Return Values for Functions in Rust #shorts #rustlang,ALL THE LINKS HERE: https://francescociulla.com.,2024-08-09T15:47:32Z
hLLmnarKopU,Developer Relations Roundtable - Hot and spicy topics,"In this episode, we will talk about developing relations, especially hot and spicy topics. Dani https://x.com/danizeres Sue ...",2024-08-08T04:35:53Z
Cjp4acZbPcY,Controlling How Tests Are Run in Rust - Full Crash Rust Tutorial for Beginners,"In this video, we continue our series on testing in Rust. Specifically, we will explore various aspects of controlling how tests are run ...",2024-08-06T13:00:16Z
LhzkG0COLr0,Controlling How Tests Are Run in Rust - Rust live tutorial,"Just as cargo run compiles your code and then runs the resulting binary, cargo test compiles your code in test mode and runs the ...",2024-08-04T02:35:36Z
UWZy2rQkrzY,Code and Life - Interview with @AdrianTwarog at DevStudioCon @Wix,"A quick and rare in-person interview with Adrian Twarog Bangalore, India üóìÔ∏è June 2024 üñäÔ∏è DevStudioCon 2024, Wix 0:00 ...",2024-08-02T11:54:18Z
UyJ1mEqKMvE,Testing in Rust - Full Rust Crash Course Tutorial for beginners,"In this lesson, we will learn about Rust programming language testing. In this episode, we will take a practical approach, providing ...",2024-07-30T12:59:37Z
nP-TmcWdij4,Returning Values in functions in Rust #shorts #software #rustlang,Returning Values in functions in Rust #shorts ALL THE LINKS HERE: https://francescociulla.com.,2024-07-29T16:16:58Z
04eVRrpESn8,Live on YouTube: tests in Rust,Live on YouTube: tests in Rust.,2024-07-28T02:44:04Z
1JBbr6Cb6IM,Statments and Expressions in Rust #rustlang #coding,,2024-07-25T12:40:04Z
HqUrE5hbb84,I&#39;m writing a Rust Book! https://rustcrab.com,https://rustcrab.com.,2024-07-24T13:29:00Z
GoxWZ-ch1xU,"üèÜ I can&#39;t believe it.After 2 years and 4 months, we are already halfway there.Thank you so much",,2024-07-17T06:39:59Z
dKKDxVM2z6E,Parameters and Arguments in Rust Functions #rustlang,difference between parameters and Arguments. rust functions.,2024-07-14T15:04:30Z
38-imzEXjpE,Video creation for Developers - Learn with @learnwithjason,Let's talk about video creation for developers with Jason Lengstorf Jason https://x.com/jlengstorf https://jason.energy/links/ ...,2024-07-11T04:06:48Z
GuHbR6te4_c,Order of function declaration in Rust #rustlang,ALL THE LINKS HERE: https://francescociulla.com.,2024-07-08T13:50:34Z
_O1gq-LoL3E,Generic Data Types,Generic Data Types.,2024-07-07T02:31:39Z
oR4aDBqGkSU,The char type in Rust  #rustlang #javascript #programmingtutorial #rustacademy #software #coding,ALL THE LINKS HERE: https://francescociulla.com.,2024-07-04T15:33:58Z
Y1IHNwLTC8k,Quick 1 hour Q&amp;A,Come and ask me anything.,2024-07-04T03:10:56Z
gFTJcroX5Ww,"Generics, Traits, and Lifetimes in Rust: Concepts &amp; Examples -Full Crash Rust Tutorial for Beginners","By the end of this video, you will understand the fundamentals of Generics, Traits, and Lifetimes in Rust. We'll start with an ...",2024-07-02T13:05:02Z
PGO6voFdMLg,I was really shy in  2020. But many things have changed since then @_wearedevs @dailydotdev,,2024-06-27T13:10:24Z
6AkRRzcAUKk,Rust Error Handling: When to Use panic! vs Result Explained - Full Crash Rust Tutorial for Beginners,"By the end of this video, you will clearly understand when to use panic! and when to use Result in Rust. We start with a quick ...",2024-06-25T13:10:44Z
RiiM0kMfxQo,Boolean types in Rust,,2024-06-23T14:47:54Z
f91IcISoOok,float types in Rust - #rustlang #software #programmingtutorial,,2024-06-21T15:51:00Z
fRbHDwFvmxA,Understanding Time and Space Complexity in Algorithms | Big-O Notation Explained - DSA Course,Welcome to this video on Time and Space Complexity! Whether you're new to programming or looking to improve your ...,2024-06-20T13:17:10Z
nMX9_8qOKPY,Getting Started with Cloud - with @KunalKushwaha  from @CivoCloud,"Join us for ""Getting Started with Cloud,"" a live event designed to help you understand the basics and benefits of cloud computing.",2024-06-20T04:07:44Z
ZKy6uz4zAOY,Integers data types in Rust #rustlang,,2024-06-17T15:33:10Z
4uqVCm84X1U,Live from Render ATL with Ellie,ALL THE LINKS HERE: https://francescociulla.com.,2024-06-16T02:02:48Z
N0jpQCLfj84,Data Types in Rust language  #rustlang,https://youtu.be/NyqJp5M3hRE?si=j_Ld6FykYgN_H8lu.,2024-06-14T13:14:52Z
tf_zVO6MHS0,üí°üö´ How to remove that  yellow bulb on VS Code,,2024-06-10T18:27:26Z
giF11FuRyC0,üö®üö®üö®LIVE - Error Handling in rustüö®üö®üö®,LIVE - Error Handling in rust       Find Francesco: https://francescociulla.com.,2024-06-09T02:46:46Z
_BeJCUdapk0,Constant in Rust - main differences - Rust programming language tips #rustlang #rustprogramming,,2024-06-07T14:38:04Z
fGzFMYhcsc0,"Big Announcement: I&#39;ll be in Bangalore, India, for DevStudioCon 2024 @Wix ! #programming #software",,2024-06-06T06:27:43Z
1jwxVQQplN4,why do we need CONST in Rust if the variables with let are already Immutable? #rustlang,,2024-06-02T14:22:36Z
tf_zVO6MHS0,üí°üö´ How to remove that  yellow bulb on VS Code,,2024-06-10T18:27:26Z
giF11FuRyC0,üö®üö®üö®LIVE - Error Handling in rustüö®üö®üö®,LIVE - Error Handling in rust       Find Francesco: https://francescociulla.com.,2024-06-09T02:46:46Z
_BeJCUdapk0,Constant in Rust - main differences - Rust programming language tips #rustlang #rustprogramming,,2024-06-07T14:38:04Z
fGzFMYhcsc0,"Big Announcement: I&#39;ll be in Bangalore, India, for DevStudioCon 2024 @Wix ! #programming #software",,2024-06-06T06:27:43Z
1jwxVQQplN4,why do we need CONST in Rust if the variables with let are already Immutable? #rustlang,,2024-06-02T14:22:36Z
Pgv83SFaLtU,Hashmaps in Rust - Rust tutorial live,Hashmaps in Rust Find Francesco: https://francescociulla.com.,2024-06-02T02:49:51Z
Ee0XuNzQjsI,Mutability in Rust: a fundamental concept #programming #rustlang #software,,2024-05-31T14:03:15Z
cNSC93tTYO4,Declaring variables in Rust #programming #software #rustlang #programmers,,2024-05-26T14:44:05Z
d1V765IFnoM,Shadowing in Rust #rustlang #programming #software,,2024-05-24T14:40:40Z
WfqNI9-EIZk,Life from Hotel (Poland),ALL THE LINKS HERE: https://francescociulla.com.,2024-05-23T03:10:34Z
f4a8rWkSl8U,"Master Rust Collections: Vectors, Enums, and Iteration - Full Crash Rust Tutorial for Beginners","In this lesson, we dive deep into the world of Rust collections, focusing on Vectors. We'll start by explaining what a Vector is and ...",2024-05-21T13:00:43Z
VqXjX5qAisU,üî•üî• 200k celebration,Find Francesco: https://francescociulla.com.,2024-05-19T14:05:50Z
F97SDfeBzJM,Tech Conferences - with Justin E Samuels,"Hear about the biggest tech conference coming up this June, @RenderATL Let's talk about tech conferences: why they are ...",2024-05-18T04:45:56Z
jHuMHkquLDY,Variables and Mutability in Rust  #programming #rustlang #software,ALL THE LINKS HERE: https://francescociulla.com.,2024-05-16T15:34:38Z
3b3vpxCL9c4,"Developers, Rust and AI",ALL THE LINKS HERE: https://francescociulla.com.,2024-05-16T05:53:12Z
_5yrda0bE4A,Will Rust blow up? with @ezLiveOfficial,Will Rust blow up? Let's discuss with Ezsnippet @ezLiveOfficial @ezsnippat Episode 227 Neeraj Walia ...,2024-05-15T16:40:32Z
-WWHgod2Ac8,Master the &quot;use&quot; Keyword in Rust - Full Crash Rust Tutorial for Beginners,Full playlist: https://www.youtube.com/watch?v=R33h77nrMqc&list=PLPoSdR46FgI412aItyJhj2bF66cudB6Qs&index=1 Are you ...,2024-05-14T13:00:51Z
EGXn9nnHMyE,The &quot;use&quot; keyword in Rust - Rust tutorial live,This lesson will be about one bringing Paths into Scope with the use Keyword Find Francesco: https://francescociulla.com.,2024-05-12T02:42:55Z
qrvSRBA8uq4,Rust executable files #rustlang #software #programming,ALL THE LINKS HERE: https://francescociulla.com.,2024-05-10T13:27:30Z
5O8S0j5KcK4,What is this YouTube Channel about??,"Hi, I am Francesco, a passionate Italian Developer. In this channel, you will find: - a complete playlist to learn Rust, from the basics ...",2024-05-06T13:23:47Z
GnxpHj8U5Pg,Paths in Rust - Rust tutorial live,This lesson will be about paths for Referring to an Item in the Module Tree https://github.com/FrancescoXX/rust-paths Find ...,2024-05-04T15:27:51Z
NSCXVD_niGw,What is this YouTube Channel about??,"Hi, I am Francesco, a passionate Italian Developer. In this channel, you will find: - a complete playlist to learn Rust, from the basics ...",2024-05-03T13:54:24Z
ZntnnMNNHF0,Switching career to tech - How my life changed in the past 10 years (2014-2024),"In this video, I share a quick version of the last 10 years of my life (2014-2024) If you enjoyed this video, considerate donating ...",2024-04-28T14:39:43Z
UtDMzjwSLbI,Defining Modules in Rust - Rust tutorial live,This lesson will be about defining Modules to Control Scope and Privacy Find Francesco: https://francescociulla.com.,2024-04-28T03:22:52Z
IcrDm1EKy5w,how to create a sinple function that waits 3s in Rust. Don&#39;t forget to recompile!,,2024-04-26T15:21:42Z
g7eWEjLAL5g,DevOps or Platform Engineer? with Marino Wijay,DevOps or Platform Engineer? with Marino Wijay Episode 224 Marino https://twitter.com/virtualized6ix https://ca.kubehuddle.com/ ...,2024-04-26T04:05:21Z
5LdnfzFdWhE,"Understanding Rust Structure: Packages, Crates, Modules - Full Crash Rust Tutorial for Beginners",Full playlist: https://www.youtube.com/watch?v=R33h77nrMqc&list=PLPoSdR46FgI412aItyJhj2bF66cudB6Qs&index=1 In this ...,2024-04-23T12:57:57Z
7MKj6r-96JY,Hello world in Rust,,2024-04-21T13:09:15Z
IbrlEA8c1cA,Packages and Crates in Rust - Rust Live tutorial,"As you write large programs, organizing your code will become increasingly important. By grouping related functionality and ...",2024-04-21T04:57:08Z
9NGZw-2-y5Y,Rust killer features #rustlang #programming,,2024-04-18T14:17:57Z
nwvX5BDZrCY,Connecting Developers - Tracy Lee,"Talking with Francesco, Episode In this live event, we will talk about why it is so important for tech companies to connect with ...",2024-04-18T06:05:38Z
paZ9J8Fq-q4,Concise Control Flow with if let - Rust live tutorial,Concise Control Flow with if let - Rust live tutorial All the links: https://francescociulla.com.,2024-04-14T02:15:43Z
ZEh94HA7mnc,Rust is not beginner friendly! #programming,,2024-04-11T13:45:15Z
HXU6M6bfPHE,Career Growth - with Tessa Mero @Appwrite,"In this episode, we will talk about tips to level up your career, especially in tech. Episode 222 Tessa Mero, Head of DevRel at ...",2024-04-11T04:26:40Z
sd1M_CLXl4I,Mastering Rust&#39;s Match Control Flow - Full Crash Rust Tutorial for Beginners,"Discover Rust's powerful control flow construct, ""Match."" Learn how to compare values against various patterns and execute code ...",2024-04-09T14:30:24Z
_khO4rFBO-s,Time Management for developers - @saumya1singh,"In this episode, we will talk about Time Management and content creation for developers. We also talk about the risks of AI in 2024 ...",2024-04-06T13:00:07Z
swecENYqgAw,The Match Construct in Rust,ALL THE LINKS HERE: https://francescociulla.com.,2024-04-04T15:00:55Z
XQWX7dMqY3U,Enums in Rust - Rust full tutorial,Enums in Rust Enums allow you to define a type by enumerating its possible variants. We'll define and use an enum to show how ...,2024-04-02T13:00:27Z
g51fuN1gXbg,Developer Relations - Amanda Martin @WixStudio,"Join us for an insightful podcast interview with Amanda Martin, as she shares her journey into the tech industry and her passion ...",2024-03-27T16:00:06Z
94iSHoKmPmY,Methods for Structs -  Full Crash Rust Tutorial for Beginners,Welcome to the Full Crash Rust Tutorial for Beginners Methods are similar to functions: we declare them with the fn keyword and a ...,2024-03-26T11:00:06Z
7knPQ2wcRCA,Match construct in Rust - Rust tutorial live,This lesson will be about one of my fav constructs in Rust: the Match construct Find Francesco: https://francescociulla.com.,2024-03-24T03:18:49Z
OjOLHtrGBjM,Enums - Rust live tutorial,"In this lesson, we will talk about ""Enums"" in Rust Enums in rust are a way to define a type by enumerating its possible values.",2024-03-23T05:43:36Z
XiECSAO_-t0,Why Rust?  #rustlang #programming #software #webdevelopment,,2024-03-21T15:04:11Z
p56g683G_po,Level up your tech career - With Taylor Desseyn,Right now the the job market is upside down and trying to find a job let alone level up your career is daunting. We will dive into ...,2024-03-21T05:05:07Z
mgK5LezkHl8,An example of Struct in Rust -  Full Crash Rust Tutorial for Beginners,"Welcome to the Rust Full Crash Rust Tutorial for Beginners To understand when we might want to use structs, let's write a ...",2024-03-19T14:34:47Z
b2sbD6kAy08,Try Daytona @daytonaio,,2024-03-17T13:50:56Z
VnSSNWSWxWA,Methods - Rust Live Tutorial,"In this lesson, we will talk about Methods for Structs in Rust https://github.com/FrancescoXX/rust-structs-methods Find Francesco: ...",2024-03-17T03:25:56Z
qUrmFpVM4wo,"What is Devin, the first AI software engineer? Are you Scared?","What is Devin AI? Devin AI is the first real AI software engineer, software that can actually code using real software development ...",2024-03-16T10:59:02Z
6FbMvS0-DSQ,Struct Example - Rust tutorial,"In this lesson, we will make an example of a program using ""Structs"" in Rust Music provided by TheRelaxedMovement. Check it ...",2024-03-16T05:29:20Z
xdSlv-Kkow8,We are Developers - Daniel Cranney,"Let's talk about Developer relations, challenges and much more Episode #220 Daniel Cranney https://twitter.com/danielcranney ...",2024-03-14T05:09:59Z
C5NyLGHc2gY,Fun and Education for Developers - @tech_wizzdom,Fun and Education for Developers - @tech_wizzdom Dom https://www.techwizzdom.com/ ...,2024-03-01T05:30:54Z
JU-BSAJ9XeI,üéâ80k celebration,ALL THE LINKS HERE: https://francescociulla.com.,2024-02-27T05:24:32Z
7QlqoMU62Z8,JavaScript: 5 key features #javascript,,2024-02-25T11:04:16Z
DiwD_9B-k5w,References and Borrowing - Rust Tutorial,Let's discuss References and Borrowing in Rust. Ownership in Rust: https://youtu.be/9VBLOwmNE1g This is a fundamental part of ...,2024-02-25T03:53:32Z
9VBLOwmNE1g,Ownership in Rust -  Full Crash Rust Tutorial for Beginners,"Welcome to the Full Crash Rust Tutorial for Beginners In this lesson, we will cover the following topics: - What is ownership?",2024-02-20T14:01:01Z
cM7lYP9c834,Different types of Data Structures #dsa #programming #development,,2024-02-18T14:10:04Z
i3XUjukM2WM,Ownership in Rust -  Rust Tutorial,"Let's discuss Ownership in Rust, a very important concept find Francesco: https://francescociulla.com.",2024-02-18T03:45:21Z
b_-yAg7IwLc,JavaScript vs Python. Key differences #programming #javascript #python,,2024-02-14T15:00:03Z
GKGUvr3Swg0,5 Rust web frameworks,,2024-02-10T16:52:05Z
CKT3qAOmImo,üî¥RAID by @ezsnippat @ezLiveOfficial  #programming #software #dsa #programming #rust,find Francesco: https://francescociulla.com.,2024-02-08T16:00:08Z
2w_FTiD74JI,"Control flow in Rust: If, Match, loop, while, for -  Full Crash Rust Tutorial for Beginners","Welcome to the Full Crash Rust Tutorial for Beginners In this lesson, we'll cover the basic control flow in Rust. We'll cover the ...",2024-02-06T14:00:03Z
K6W1V8UMyek,ü¶Ä Ownership in Rust #rustlang #software,,2024-02-04T14:00:19Z
Bdxuzh6JCEM,Rust Data Structures: Collections #programming #software #coding #rustlang,,2024-02-01T12:58:19Z
JrlWKYpTMI4,DevRel and Conferences - Michelle &quot;MishManners&quot; Duke,"Episode 214 DevRel and Conferences - Michelle ""MishManners"" Duke Michelle ""MishManners"" Duke ...",2024-02-01T07:03:26Z
abb3Krx63bs,How does Rust ü¶Ä handle memory? #rustlang #software #programming,,2024-01-21T14:00:00Z
5lmPfbSa7cQ,Docker Compose Up - Quick Tutorial,"A simple and effective explanation of the ""docker compose up"" command Github link: ...",2024-01-18T14:04:06Z
bR_kR4mYoHk,Web Development Roadmap in 2024 - Dave Gray,Web Development Roadmap in 2024 - Dave Gray Dave Gray @DaveGrayTeachesCode https://twitter.com/yesdavidgray ALL the ...,2024-01-18T05:05:30Z
m8bwka98h64,5 free resources to learn Rust ü¶Ä #rustlang #rust #programming #software,5 free resources to learn Rust.,2024-01-14T14:00:28Z
B-fqnWZyxno,Docker push and Docker pull commands - hort Docker tutorial,Docker push and Docker pull commands in short 0:00 Introduction to the docker inspect command 0:16 Inspecting containers and ...,2024-01-11T14:00:10Z
tZGDeVMLFcE,Developers in 2024 - Kacie Ahmed,"In this episode, we'll talk about what it will mean to be a developer in 2024, LearnWeb3DAO, and the future of development., and ...",2024-01-10T18:38:00Z
9F_Np8g1W8g,What is Rust and why is it so on hype for 2024? ü¶Ä#rustlang #programming #software #webdevelopment,,2024-01-07T14:00:06Z
QNlQYwcr_VU,@ezLiveOfficial @ezsnippat respect for all the hard workers #programming,,2024-01-04T18:19:35Z
cjdsLhGrvCA,Docker stats - Docker short tutorial,"The docker stats command returns a live data stream for running containers. To limit data to one or more specific containers, ...",2024-01-04T14:00:26Z
njNXTM6L0wc,"Next.js 14, Python, Docker:  Build a fullstack rest API in TypeScript and Python, using Flask","By the end of this, you will understand and create a simple yet complete full stack app using the following: - Next.js 14 (TypeScript) ...",2024-01-02T13:59:09Z
AkAAjxSLAzk,What are Docker volumes? üíø #docker #software #devops #programming,,2023-12-31T14:00:06Z
1afIORRyp58,"Python Full Stack App: Next.js 14, Flask, PostgreSQL, Docker","Let's create a very minimalistic Full Stack App, with these technologies: - nextjs 14 - Flask - SQLAlchemy - PostgreSQL - Docker ...",2023-12-30T16:40:12Z
8794qqzbEBg,docker inspect command - docker basic commands tutorial,Docker inspect command in short 0:00 Introduction to the docker inspect command 0:16 Inspecting containers and images 0:58 ...,2023-12-28T14:11:43Z
FkSnrYVD_Bw,Developers and youTube - Hitesh Choudhary,Episode 209 Developers and YouTube - Hitesh Choudhary @HiteshCodeLab Find Francesco: https://francescociulla.com.,2023-12-28T05:12:38Z
429-r55KFmM,"nextjs 14, Go, Docker: Build a fullstack rest API in TypeScript and Go","By the end of this video, you will understand and create a simple yet complete full stack app using the following: - Next.js 14 ...",2023-12-26T16:00:04Z
UvgSurEkCO8,Docker networks: Connecting docker containers #docker #network #devops #software,"Docker networks are essentially the highways connecting Docker containers, allowing them to communicate with each other.",2023-12-24T14:22:30Z
XDHDTGoZ_68,"Full Stack App: Next.js 14, Go, Postgres, Docker","Let's create a very minimalistic Full Stack App, with these technologies: - Next.js 14 - Go - Docker - Docker Compose We will focus ...",2023-12-23T16:45:59Z
-l-9B92q0R8,Developers &amp; AI - Logan Kilpatrick,Episode 208 Logan Kilpatrick - https://twitter.com/OfficialLoganK @OpenAI https://discord.com/invite/4c-784142072763383858 ...,2023-12-22T05:03:36Z
77RjzJtC_g4,"Next.js 14, Rust, Docker: Build a fullstack rest API in typeScript and Rust","By the end of this video, you will understand and create a simple yet complete full stack app using the following: - Next.js 14 ...",2023-12-19T15:15:59Z
M_l4EkN0pIM,Docker extensions?  #python #docker #livestreams,What are Docker Extensions and how can you use them? find Francesco: https://francescociulla.com.,2023-12-17T15:00:26Z
kPxZXPRMJNw,"Full Stack App: Next.js 14, Rust, Postgres, Docker","Let's create a very minimalistic Full Stack App, with these technologies: - Next.js 14 - Rust (with Serde, no framework) - Docker ...",2023-12-16T16:27:20Z
x3_wsqrqkQQ,Guide to Open Source and Next.js - with Tobiloba,"Episode 207 In this Episode, we will discuss with Tobiloba about Open Source, DevRel, and Next.js Tobiloba ...",2023-12-14T05:26:43Z
N-7uYm1PszM,"Next.js, JavaScript, Docker: Build a fullstack REST API using Node.js, Express, Prisma, PostgreSQL","By the end of this video, you will understand and create a simple yet complete full stack app using the following: Next.js 14 ...",2023-12-12T13:56:35Z
rvAzRj4jLVs,What is Docker Hub üê≥ #docker #software #programming #webdevelopment #developer #technology #coding,,2023-12-10T13:59:58Z
0PVK57WxqDI,How to make content for Developers @CodingWithLewis,Episode 206 Lewis Menelaws https://lewismenelaws.com/,2023-12-08T05:16:08Z
alt_C0qmHCA,docker build (docker image build) - Doker short tutorial,"docker build is the command to build docker images, starting from a Dockerfile. find Francesco: https://francescociulla.com.",2023-12-06T13:51:15Z
ZjaWumGer_A,What is a Dockerfile? - Docker shorts  #docker #devops #software #programming #webdevelopment,find Francesco: https://francescociulla.com.,2023-12-03T12:00:27Z
9ZorqVsXhT4,Dockerfile tutorial,Dockerfile tutorial find Francesco: https://francescociulla.com.,2023-12-03T03:26:19Z
BzOQNyiwyAw,Developer Relations RoundTable,Developer Relations Roundtable What is Devrel https://youtu.be/K9ADWSTqdRw Lead Dani https://twitter.com/danizeres Deni ...,2023-12-02T05:34:06Z
Fs6aMvew5ZQ,docker container run - Docker short tutorial,"In this short video make a super short explanation of what is the command ""docker run"", adding some common options. Docker ...",2023-11-30T14:24:03Z
Rys20hH0u9Q,How to learn JavaScript - Wes Bos,Episode 205 How to learn JavaScript - Wes Bos @WesBos.,2023-11-30T05:08:39Z
ohfDscOUuGc,üê≥ What is a Docker Container? #docker,,2023-11-26T15:37:15Z
5WNFBRjdhuI,Using Next.js with Docker. Does it make sense???,Join this channel to get access to perks: https://www.youtube.com/channel/UCBRxDSTfr2aJVODDh4WG_7g/join GitHub repo: ...,2023-11-25T16:10:52Z
TpNjxR1uc8k,What is Docker compose? üê≥ #devops #software #developer #programming,,2023-11-19T14:15:30Z
rRct4kVi6aE,üÖ∞Ô∏è Angular 17 - let&#39;s try it,Find Francesco: https://francescociulla.com.,2023-11-19T04:07:51Z
S6DLU0y5DVs,Developer Relations and Conferences - Edidiong Asikpo,Talking with... episode #203 first episode https://www.youtube.com/watch?v=4df1eirXcII&t=11s Edidiong Asikpo ...,2023-11-16T05:00:41Z
BzOQNyiwyAw,Developer Relations RoundTable,Developer Relations Roundtable What is Devrel https://youtu.be/K9ADWSTqdRw Lead Dani https://twitter.com/danizeres Deni ...,2023-12-02T05:34:06Z
Rys20hH0u9Q,How to learn JavaScript - Wes Bos,Episode 205 How to learn JavaScript - Wes Bos @WesBos.,2023-11-30T05:08:39Z
ohfDscOUuGc,üê≥ What is a Docker Container? #docker,,2023-11-26T15:37:15Z
bpOY-SwpnfY,How to prepare and perform a presentation,"Do you want to improve as a public speaker? In this 20-minute video, I compress all the knowledge I got from about 15 ...",2023-11-23T14:50:02Z
YdDhCodm3Q8,"üö®BREAKING: Sam Altman, Open AI, Microsoft @CSDojo","BREAKING: Sam Altman, Open AI, Microsoft with @CSDojo.",2023-11-21T04:43:07Z
rRct4kVi6aE,üÖ∞Ô∏è Angular 17 - let&#39;s try it,Find Francesco: https://francescociulla.com.,2023-11-19T04:07:51Z
S6DLU0y5DVs,Developer Relations and Conferences - Edidiong Asikpo,Talking with... episode #203 first episode https://www.youtube.com/watch?v=4df1eirXcII&t=11s Edidiong Asikpo ...,2023-11-16T05:00:41Z
2RFw3_V4eU8,What is Docker? What is a Docker Container and a Docker Image? #opensource #docker #software #devops,What is Docker? What is a Docker Container and a Docker Image? find Francesco: https://francescociulla.com.,2023-11-12T16:38:24Z
k_ysziP67yY,Developers and live streams!,Episode #202 Melkey https://twitter.com/MelkeyDev @MelkeyDev https://www.twitch.tv/melkey ...,2023-11-11T05:09:10Z
dfkI4ZB39ZE,Twitch or YouTube as a Developer Content Creator?,"In this video, I share 5 reasons that made me decide to live stream on YouTube rather than Twitch, at least until I will hit 100k ...",2023-11-07T13:59:50Z
_BDrONvvyGg,What is REST API? #restapi #software #webdevelopment #opensource,"REST API, or Representational State Transfer, is a type of web service that adheres to the principles of the REST architectural ...",2023-11-05T14:38:42Z
ilt7u7mLrlY,"Cast AI - Automate Kubernetes cost, performance, and security management",Connect a cluster and WIN A LEGO! https://cast.ai/francesco documentation ...,2023-10-21T03:02:21Z
1vxWpRIYehQ,Hacktoberfest 2023 - how to get started with open source,https://github.com/FrancescoXX --- ‚ñ∂Ô∏èNoCopyrightSounds / NCS: Music Without Limitations Spotify Playlist ‚Üí http://spoti.fi/NCS ...,2023-10-14T04:49:19Z
jeP5Cnqk35U,Build an Open Source project for Content Creation - Content Box,Find Francesco: https://francescociulla.com.,2023-08-23T05:09:37Z
BxYJnON2r4o,Build an open source project for content creation #1,"In this series, I want to create an open-source project you can use as a content creator. Github repository: ...",2023-08-05T05:00:54Z
lrwGfagJ-8M,DevRels and Social Media - DevRel Roundtable,DevRel Roundtable Amanda Martina https://twitter.com/hey_amandam Sabrina Aquino https://twitter.com/sabrinaesaquino ...,2023-07-22T05:17:44Z
zbHhYx5Lyms,Interview with @KunalKushwaha,Find Kunal @KunalKushwaha Kunal: https://twitter.com/kunalstwt Civo: @CodeEurope @CivoCloud find Francesco: ...,2023-07-12T15:54:05Z
i9m6Kdh1HRc,How to submit an effective CFP,Civo Navigate @CivoCloud https://www.civo.com/navigate Find Kunal: https://bio.link/kunalk @KunalKushwaha find Francesco: ...,2023-07-07T13:35:32Z
Gf9RkaHnsR8,"Typescript CRUD API: Next.js, TypeScript, Tailwind, tRPC, Prisma Postgres, Docker","By the end of this video, you will understand how to build a FULL CRUD API app, including a simple frontend to use it, using the ...",2023-07-04T12:57:31Z
La0o7u-ufec,How does @KunalKushwaha manages everything he does? recorded at @CodeEurope,,2023-06-16T13:48:33Z
My8c7UfLUTE,Time management and CFP submissions with @KunalKushwaha,"In this first in-person episode of the ""Talking with Francesco"" series, I talked with Kunal about: - How to manage multiple activites ...",2023-06-13T13:24:08Z
1eeR0LoIs-M,How to test APIs with Docker Container using Postman,find Francesco: https://francescociulla.com Previous video: https://youtube.com/live/Uv-jMWV29rU GitHub repository: ...,2023-06-08T14:33:20Z
hTt67PEpo88,"Web3, Crypto, and Decentralized Social Media (Lens Protocol, Bluesky, AT Protocol)","This is a presentation I gave in person last week, and here is the youtube video version. Links: Find Francesco: ...",2023-05-30T07:39:53Z
2_2Y1U3RSxc,What is Kubernetes?,Full video: https://youtu.be/noJmOirhHKM find Francesco: https://francescociulla.com.,2023-05-29T14:26:04Z
a7NK9OOjz_A,How I got a raise as a Developer Advocate,Full video: https://youtu.be/vI6bQJ463Sc find Francesco: https://francescociulla.com.,2023-05-19T11:30:08Z
WnaYRafLOmc,4 Ways to grow your Developer Audience - as a DevRel,"Hi, in our previous episode about DevRel, we discussed how developers can better connect with DevRel professionals. Previous ...",2023-05-16T13:30:07Z
NOhdFRRTacM,Developers and Communities - Avie,"In this video, we will discuss Developers and Communities, their relation, and how you can level up your dev career by joining a ...",2023-05-13T01:14:43Z
3DQ9Or5JAnU,Rust ü¶Ä CRUD Rest API - intro,full video: https://youtu.be/vhNoiBOuW94 #rust #rustlang #restapis #api #software #shorts.,2023-05-10T12:45:32Z
8I3WsIlzknk,Developers and DevRels,"In this video, I talk about how Developers can connect to DevRels (Developer advocates) Twitter: ...",2023-05-09T13:00:11Z
CDZODUrPEsw,How to store data on the ‚õìÔ∏è  Blockchain,Full video: https://www.youtube.com/watch?v=N0XOyo6TEHo Technologies useful to store data on the Blockchain: - IPFS ...,2023-05-06T16:49:01Z
vhNoiBOuW94,"Rust ü¶Ä CRUD Rest API - Rust, Postgres, Docker, Docker Compose",Let's create a CRUD Rest API in Rust using: - No specific framework - Serde to serialize and deserialize JSON - Postgres ...,2023-05-04T13:55:41Z
4X5wgcCC4BA,Big Announcements as a DevRel,"In this video, I want to share my experience in the recent seed announcement for @dailydotdev Snakes and Ladders unboxing: ...",2023-05-02T13:32:24Z
cdlHJeHVFW4,"PHP CRUD Rest API using Laravel, Composer, Postgres, Docker and Docker Compose","In this video, we will build a PHP CRUD Rest API using: - Laravel - Composer - Postgres - Docker - Docker Compose GitHub ...",2023-04-23T02:42:08Z
yqwfaHXMaj0,What is Best language for Ethereum?,Full video: https://youtu.be/N0XOyo6TEHo #web3 #blockchain #solidity #blockchaintechnology.,2023-04-19T14:02:15Z
noJmOirhHKM,Kubernetes quick tutorial - simply explained,find Francesco: https://francescociulla.com Let's make the simplest but understandable Kubernetes example ever.,2023-04-18T13:46:18Z
R-30b07eFNI,Should you code as a Devrel?,find Francesco: https://francescociulla.com #devrel #developer #software #programming.,2023-04-11T15:29:09Z
BbT1PCAOS2s,"Build a CRUD Rest API with Kotlin, Postgres, Docker and docker compose","Let's create a CRUD Rest API in Kotlin, using: - Spring boot - Gradle - Hibernate - Postgres - Docker - Docker Compose All the ...",2023-04-09T02:52:13Z
VwQ4ozFjQVk,"Build a Crud REST API in Kotlin with Spring Boot, Gradle, Postgres, Docker and Docker Compose",Video link: https://www.youtube.com/live/BbT1PCAOS2s?feature=share.,2023-04-07T15:09:34Z
dIyqbtEUTxI,Platformatic in Action - with Matteo Collina,Let's see Platformatic in Action with Matteo Collina (Co-Founder & CTO of Platformatic) Github Repository: ...,2023-04-06T04:35:01Z
2SXLGMedllc,Company Gatherings and DevRel,"find Francesco: https://francescociulla.com Working remotely is fantastic. But in this video, I explain why meeting from time to time ...",2023-04-04T14:06:04Z
I53oz2YIA_4,"Build a Next app in JavaScript, using Tailwind CSS, Vercel and Lens Protocol","My Lens account: https://lenster.xyz/u/francescociulla Let's explore Lens Protocol and learn the most as I can in 12 hours, building ...",2023-04-02T18:16:14Z
GaPAGkJDzGQ,"Python CRUD Rest API in Python using Django, Django Rest Framework, Postgres, Docker, Docker compose","In this livestream, we will build a CRUD Rest API in Python using: - Django - Django rest framework - Postgres - Docker - Docker ...",2023-04-02T02:48:02Z
uQSGH50gaVo,2 Tips to learn Web3,Full video: https://www.youtube.com/watch?v=N0XOyo6TEHo&feature=youtu.be&ab_channel=FrancescoCiulla Join 4C ...,2023-03-31T16:00:35Z
3KtRYjvRv-w,ChatGPT in Action - let&#39;s build with Open AI,Let's build with Open AI OpenAI https://openai.com/ Logan https://twitter.com/OfficialLoganK.,2023-03-31T04:58:10Z
oYs8HI5S86M,Dive deep into Lens Protocol #blockchain #web3 #webdev,,2023-03-30T04:07:28Z
3sSuZ1Lv8nE,Don&#39;t send your CV to get a DevRel Job!,find Francesco: https://francescociulla.com.,2023-03-28T13:56:01Z
gqFauCpPSlw,"Build a CRUD Rest API in TypeScript, using Nest.js, TypeORM, Postgres, Docker and Docker Compose","In this livestream, we will build a CRUD Rest API in TypeScript, from scratch, using: - Nest.js as a framework - TypeORM as an ...",2023-03-26T03:52:03Z
73cAxCskqgs,DevRel &amp; Communities - With Lee Robinson,"In this episode, we will talk with Lee Robinson, VP of Dev Experience, at Vercel, about Developer Relations and Communities and ...",2023-03-25T05:55:27Z
PHmVwC7A2n4,Unboxing @dailydotdev swag #devrel,full video: https://youtu.be/4X5wgcCC4BA.,2023-03-23T12:11:14Z
e5taU93TR0I,Tomorrow. @dailydotdev #devrel #programming,,2023-03-22T15:11:26Z
0UO_1vYKCno,In-person events as a DevRel - EthDenver 2023 experience,"In this video, I discuss the importance of in-person events from a DevRel perspective. I recently went to @ETHDenver and I share ...",2023-03-21T14:56:46Z
HFDiDId8a3E,Free Web3 Resources project part2,Free Web3 Resources project ‚ñ∂Ô∏èNoCopyrightSounds / NCS: Music Without Limitations Spotify Playlist ‚Üí http://spoti.fi/NCS ...,2023-03-12T18:46:07Z
YLW5fH-CXC8,Free Web3 Resources project,"In this Live episode, I will work on the Free Web3 Resources repository, using Docusaurus, React, GitHub and Vercel Tobiloba ...",2023-03-12T13:35:09Z
Nefd6qdpdSI,"Build a CRUD Rest API in Java using Spring boot, Hibernate, Postgres, Docker and Docker Compose","In this Live episode, I will create a set of CRUD Rest API in Java, using Spring Boot, Hibernate, Postgres as a Database and ...",2023-03-12T05:09:40Z
t3YOHFvljWs,Java CRUD API app coming soon...#java #docker,video: https://youtube.com/live/Nefd6qdpdSI.,2023-03-09T11:52:00Z
Qmq6EAnmlA0,Public Speaking as a DevRel,"In this video, I share some thoughts about public speaking and 3 things that can help you before jumping on stage for the first time.",2023-03-07T15:02:42Z
m2688JFRft0,Introduction to Solidity and the Blockchain,find Francesco: https://francescociulla.com Check @CodeEurope https://www.codeeurope.pl/en/,2023-03-04T14:58:33Z
CSgWIUswUOM,Can you be a DevRel if you are a non-native speaker?,"In this video, I share my thought about how you can become a DevRel, even if you are not a native speaker. Good luck 0:00 Intro.",2023-02-28T14:33:33Z
B3y2qLoszlQ,What is a Developer Advocate? | @themarcba @_wearedevs @dailydotdev #devrel,What is a Developer Advocate?,2023-02-27T15:38:23Z
aLVJY-1dKz8,"Build a CRUD Rest API in Go using Mux, Postgres, Docker and Docker Compose #golang #docker","In this Live episode, I will create a set of CRUD Rest API in Go, using Mux, Postgres as a Database and Docker. We will test it ...",2023-02-26T04:12:49Z
apu9o6KHpWA,The Docker Community - Scott Johnston,Find Francesco: https://francescociulla.com Docker @DockerInc https://www.docker.com/ Scott https://twitter.com/scottcjohnston.,2023-02-25T03:50:19Z
S_3B0Co2KJo,DevRel: the worst and the best part - what is Devr-Hell,Is being a Developer Advocate as good as everyone says? what is the best thing of being a DevRel? What is Devr-Hell?,2023-02-21T15:02:27Z
fHQWTsWqBdE,"Build a CRUD Rest API in Python using Flask, Postgres, Docker and Docker compose #python #docker","In this Live episode, I will create a set of CRUD Rest API, using Flask, SQLAlchemy Postgres as a Database, Docker and Docker ...",2023-02-19T04:29:15Z
rFNh3APd2wQ,The Power of Web3modal - WalletConnect in Action,Find Francesco: https://francescociulla.com WalletConnect @walletconnectofficial #walletconnect #web3modal ...,2023-02-18T06:03:50Z
MuLdioAEmc4,"Appwrite and Open Source | with Eldad A. Fux (founder, CEO and creator of Appwrite )",Find Francesco: https://francescociulla.com Appwrite: @Appwrite https://appwrite.io/ Eldad A. Fux https://twitter.com/eldadfux 0:00 ...,2023-02-17T05:29:13Z
oAcHG96Bqog,3 Types of DevRel,"In this video, I will talk about the 3 different types of DevRels 0:00 Intro. 3 types of DevRels 0:56 Community Builder 1:57 Content ...",2023-02-14T14:57:10Z
iaR3sxzIXHQ,Blockchain SDKs: @AlchemyPlatform @thirdweb_ @MoralisWeb3,full video: https://youtu.be/N0XOyo6TEHo.,2023-02-12T14:18:46Z
Uv-jMWV29rU,"JavaScript CRUD Rest API: Nodejs, Express, Postgres, Sequelize, Docker","In this Live episode, I will build a set of CRUD APIs, using: - Node.js, - Express - Sequelize - Postgres as a Database - Docker ...",2023-02-12T03:54:02Z
GZPs8SvpOKA,Open Source &amp; DevRel - Kelsey Hightower,"Find Francesco: https://francescociulla.com In this episode, We will talk with Kelsey Hightower about his Incredible experience in ...",2023-02-10T04:43:55Z
RCODaKac_9A,How to get started with DevRel - 4 Main Factors,Find Francesco: https://francescociulla.com How to find the good company for you as a DevRel. 4 Main factors: - Experience as a ...,2023-02-07T14:38:57Z
IDCWgG93_mo,"Build a Rest API using Rust, Postgres, Docker","improved version: https://youtu.be/vhNoiBOuW94 Find Francesco: https://francescociulla.com In this Live episode, I will create a ...",2023-02-05T18:56:37Z
IRBgeMWXF9g,Build CRUD rest API in Rust - Preparation,Find Francesco: https://francescociulla.com ‚ù§Ô∏èBecome a Member: ...,2023-02-05T02:58:59Z
fUuJ2fv0oo4,3 reason to follow Francesco in 2023.,Find Francesco: https://francescociulla.com.,2023-02-03T17:24:21Z
K_1FgNSEYMM,Getting a Tech Job - Shawn Charles,ShawnCharles.com/donate Find Francesco: https://francescociulla.com Shawn Charles https://linktr.ee/xshawncx ...,2023-02-03T05:30:12Z
K9ADWSTqdRw,6 Definitions of DevRel and Developer Advocacy,"In this episode of DevRel Unloced, we start from the basics. And the basics are the definition of DevRel and Developer Advocacy.",2023-01-31T13:54:02Z
UY73XNBfjNY,References and Borrowing,Find Francesco: https://francescociulla.com ‚ù§Ô∏èBecome a Member: ...,2023-01-29T03:47:57Z
04ojkP-zPs0,Web3 Online Tutorials and Solidity Videos #shorts #blockchain #web3,Full video: https://youtu.be/N0XOyo6TEHo Find Francesco: https://francescociulla.com Tutorials: - Cryptozombies ...,2023-01-27T16:38:12Z
h3_qNTLx6dI,Linkfree - Open Source way to connect to your audience with one link - Eddie Jaoude,Linkfree: https://linkfree.eddiehub.io/ Linkfree - Open Source way to connect to your audience with one link - Eddie Jaoude.,2023-01-27T05:37:07Z
b7psn3_kPsA,What is DevRel ?  | Hassan El Mghari - Senior Developer Advocate at Vercel,First video: https://youtu.be/YB_JczuaMrA Find Francesco: https://francescociulla.com Hassan El Mghari Twitter: ...,2023-01-26T05:51:35Z
_G3B26KmKTA,What is DevRel and How to get Started - with Marc Backes,Event link: https://ti.to/wearedevelopers/world-congress-2023/discount/WWC23_FRAN15 @_wearedevs Marc Backes: ...,2023-01-24T15:09:07Z
KJsYNrKMjmY,Blockchain fundamentals you should check #shorts #blockchain,Full video: https://youtu.be/N0XOyo6TEHo.,2023-01-23T13:15:18Z
QeSC4hwn1mw,chatGPT paid plan? #shorts #chatgpt #ai,,2023-01-22T10:45:38Z
XJr3TJZIQEk,What is Ownership?,Find Francesco: https://francescociulla.com ‚ù§Ô∏èBecome a Member: ...,2023-01-22T03:33:26Z
dtjfWSf7IcA,How to learn UI/UX | George Moller,Find Francesco: https://francescociulla.com Geroge Moller https://twitter.com/_georgemoller.,2023-01-20T01:04:21Z
vI6bQJ463Sc,How I got a RAISE as a Developer Advocate,"Find francesco: https://francescociulla.com In this video, I talk about my experience as a DevRel for @dailydotdev in 2022, which ...",2023-01-17T14:49:21Z
SEDERWK2EiE,Which is the best Blockchain to start with? #shorts #blockchain,,2023-01-16T15:35:12Z
bZXU8do6eG8,Rust Control flow,Find Francesco: https://francescociulla.com ‚ù§Ô∏èBecome a Member: ...,2023-01-15T03:48:20Z
nVLCKIqEiDw,The TRUTH about Web3 #shorts #web3,,2023-01-13T15:52:08Z
N0XOyo6TEHo,How to learn Web3 in 2023 - Full Web3 Development Roadmap,Find Francesco: https://francescociulla.com GitHub Repository: https://github.com/FrancescoXX/free-Web3-resources What is ...,2023-01-10T14:00:29Z
NbnpJH4zpMI,Alchemy University Bootcamp,Find Francesco: https://francescociulla.com ‚ù§Ô∏èBecome a Member: ...,2023-01-08T18:39:26Z
zuJoxfnrURk,üèÜGoal Achieved! I got a raise as a Developer Advocate for @dailydotdev  #shorts,,2023-01-06T16:32:57Z
ldLMGYZr9rg,YouTuber while working at Google? | with Kevin Naughton Jr.,Find Francesco: https://francescociulla.com Kevin Naughton Jr. @KevinNaughtonJr YouTube: ...,2023-01-06T05:30:11Z
-tVStdPo1JU,Building a guessing game in Rust - part3,Find Francesco: https://francescociulla.com ‚ù§Ô∏èBecome a Member: ...,2023-01-01T02:36:40Z
-JX5q6K7NZM,Twitter Spaces 101 - Mario Nawfal @MarioNawfal,Find Francesco: https://francescociulla.com Mario Nawfal - Episode 188 https://roundtable.club/ https://twitter.com/MarioNawfal ...,2022-12-28T14:57:13Z
UuSMF4rlOOE,Coding a Guessing Game in Rust - part  2 - Lesson 4,Find Francesco: https://francescociulla.com GitHub Repository: https://github.com/FrancescoXX/rust-crash-course ...,2022-12-25T02:44:54Z
uIS3hlHJ05o,Communities &amp; Content Creators - 4C,Join 4C: https://discord.gg/4ccommunity Find Francesco: https://francescociulla.com Chris Kalmar @chriskalmar ...,2022-12-24T03:00:55Z
pUrrZpdG550,Docker used to save lives - Dr. Chris Miller,In this 188th episode we had a short discussion on how @DockerInc is helping in treating cancer at Washington University.,2022-12-21T15:46:33Z
E424zcYgH_s,Guessing Game - Rust from Zero - 3,Find Francesco: https://francescociulla.com GitHub Repository: https://github.com/FrancescoXX/rust-crash-course ...,2022-12-18T02:46:49Z
EdpC03odvSY,ü§Ø ChatGPT changes everything!,Longer video here: https://youtu.be/qmT5nDBhnx8 #shorts #chatgpt #ai.,2022-12-17T15:24:48Z
qmT5nDBhnx8,What is ChatGPT? How to use it? Will AI replace programmers and content creators?,"What is ChatGPT? In this first video, I will cover the basics of what ChatGPT is (Spoiler: A free Chat Bot, developed by Open AI that ...",2022-12-13T12:20:13Z
XAgxUoRbW0s,Rust From Zero - Hello Cargo (Rust&#39;s builder and package manager),Find Francesco: https://francescociulla.com ‚ù§Ô∏èBecome a Member: ...,2022-12-11T02:38:19Z
GSJjrS63s00,Solidity Language with Cryptozombies - Lesson 6,Find Francesco ‚û°Ô∏è http://francescociulla.com Original Stream on Twitch: https://www.twitch.tv/francesco_ciulla Francesco Ciulla ...,2022-12-09T16:59:35Z
w5LvdWq2R6I,"Rust From Zero - Episode 1 - Getting Started: Installation, Hello World, Hello Cargo",Find Francesco: https://francescociulla.com Become a Member: ...,2022-12-09T00:30:58Z
h88uCGJhW1Q,Is Web3 truly Decentralized? with Vanshika,find Francesco: https://francescociulla.com Let's discuss decentralized distribution platforms. Vanshika https://twitter.com/aahiknsv.,2022-12-08T05:24:29Z
jxI_RvND_Xs,Rust From Zero - Learning the Rust programming language - promo #shorts,First episode: https://youtu.be/w5LvdWq2R6I.,2022-12-06T08:41:58Z
OclCcu1lz8A,Devrel and Conferences | With Deni,Find Francesco: https://francescociulla.com #184 Deni: https://twitter.com/DeniTechh.,2022-12-03T05:05:59Z
ifFiwh8oc4E,Why always like that? #shorts,,2022-11-29T12:53:59Z
fPFlZQLF1w8,Alchemy University - JavaScript - Part 2,First Part: https://youtu.be/BgxsPVO-jBg Find Francesco: https://francescociulla.com ‚ù§Ô∏èBecome a Member: ...,2022-11-28T16:11:43Z
BgxsPVO-jBg,Alchemy University - 12hours livestream,Find Francesco: https://francescociulla.com ‚ù§Ô∏èBecome a Member: ...,2022-11-27T19:55:47Z
dSQtGs4Jink,Decentralized Confidential computing | @super__protocol,find Francesco: https://francescociulla.com #183 SuperProtocol https://www.superprotocol.com/,2022-11-26T22:53:29Z
JO3HxAgntWw,Alchemy University. Let&#39;s Test it! - with Vitto,Find Francesco: https://francescociulla.com Earn your web3 degree at Alchemy University: @AlchemyPlatform ...,2022-11-25T17:43:33Z
hQD_bt-XSZw,"Initial Coin Offering, using @LearnWeb3IO",Find Francesco: https://francescociulla.com LearnWeb3: https://learnweb3.io/,2022-11-24T16:13:24Z
9kqke3uKFKw,How  to build your NFT collection,Find Francesco: https://francescociulla.com Following the tutorial on learnweb3 DAO: ...,2022-11-10T15:29:17Z
gP_qby68YtI,DevRel in Web3 | with Albiona Hoti,Find Francesco: https://francescociulla.com Albiona Hoti #182 Instagram: https://www.instagram.com/albicodes Twitter: ...,2022-11-10T05:24:33Z
me0Qxa_21Yk,How to learn Web3 - Web3 Conf India,Find Francesco: https://francescociulla.com My trip to GOA (India) and my talk at the Web3 Conf Chapters Find Francesco: ...,2022-11-08T14:52:01Z
zsySdbBFXlM,Francesco gets flashbanged by a light theme. #shorts,,2022-11-07T16:13:33Z
gXGhaU0aCYM,"How to study, work and be a speaker as a Developer - Lou Creemers",Find francesco: https://francescociulla.com #181 Lou https://twitter.com/lovelacecoding.,2022-11-05T04:39:18Z
hgHzjp6BW9Y,Are the free resources for developers good?  with Quincy Larson,First Episode: https://youtu.be/3_PaazxmMVg #180 Freecodecamp @freecodecamp https://www.freecodecamp.org/ Quincy ...,2022-10-28T16:28:46Z
fiv0aagW98M,"Blockchain development made easy - Jiri Kobelka, Tatum CEO",Find Francesco: https://francescociulla.com #179 Jiri Kobelka Linkedin: https://www.linkedin.com/in/kobelka Tatum https://tatum.io/ ...,2022-10-21T04:27:28Z
Or6uJEXVchA,Devrel in daily.dev with Nimrod Kramer - @dailydotdev,First interview: https://youtu.be/eaTwEYbiqOM Get daily.dev: https://daily.dev #178 Nimrod Kramer: @dailydotdev ...,2022-10-12T15:07:22Z
4mYzYrSYGKI,Hacktoberfest 2022 - working on contributions - 12h livestream,GitHub Repo: https://github.com/FrancescoXX/free-Web3-resources Find Francesco: https://francescociulla.com ‚ù§Ô∏èBecome a ...,2022-10-09T20:33:48Z
gI-3goT8xMY,Do YOU know this programming language?#shorts,,2022-10-07T12:34:22Z
DOymglE4Gfs,Open Source - Guide for Beginners - With Pradumna Saraf,Pradumna Saraf https://twitter.com/pradumna_saraf Francesco https://francescociulla.com #177 00:00 - Introduction 0:41 - How ...,2022-10-05T11:54:39Z
CTfVM9DXehw,You NEED to know this about Ethereum‚Ä¶#shorts #ETH,,2022-10-02T10:49:49Z
7l5SUn-lGto,Hacktoberfest. A guide to Open Source on GitHub - with eddie Jaoude,Find Francesco: https://francescociulla.com Hacktoberfest by @DigitalOcean #176 https://hacktoberfest.com/ Eddie Twitter: ...,2022-09-29T14:15:43Z
NGU0vlAu-OU,"Build a whitelist dapp using Metamask, Next.js, Hardhat Solidity and Vercel",Find Francesco: http://francescociulla.com 0:00 hardhat 2:00 Next.js 5:05 test and deploy with Vercel This is a series of me doing ...,2022-09-28T15:40:23Z
mAH2lMcaPKc,Will YOU join Hacktoberfest?Ôøº #shorts,,2022-09-27T11:26:53Z
ExCkk1jsEjY,What IS an NFT? Ôøº ü§î#shorts,,2022-09-26T06:28:00Z
OE_Q6mWh9x0,LearnWeb3 - Junior - 12h of livestream - September 2022,Find Francesco: https://francescociulla.com ‚ù§Ô∏èBecome a Member: ...,2022-09-25T18:50:16Z
B_gN3zNPr8U,Can I be a web developer? #shorts,,2022-09-23T07:16:31Z
Jwn7vaNmBsA,How to build Dapps FAST! - with Austin Griffith,Find Francesco: https://www.francescociulla.com #175 Austin Griffith: @austingriffith3550 https://twitter.com/austingriffith Speedrun ...,2022-09-22T16:31:52Z
jDK_oXBwy-I,What DOES a Developer Advocate do? #shorts,,2022-09-21T14:40:09Z
6JsU117Ur1w,The Merge EXACT MOMENT! We made it!,Find Francesco: https://francescociulla.com For the full video: full video: https://youtu.be/PTJx9kELR6s #shorts #web3 #blockchain ...,2022-09-18T11:14:16Z
ov6FSgw76zY,How to do something consistently #shorts,Full video: https://youtu.be/6BkWw6anPj0.,2022-09-17T11:20:24Z
2jtdhZ09WLU,"How to build your own NFT - using MetaMask, Remix IDE, hardhat, Solidity",Full video here: https://youtu.be/N4BBL1JfRSg Find Francesco: https://francescociulla.com LearnWeb3: @LearnWeb3IO ...,2022-09-16T14:19:09Z
8DuiCjJf9CI,How to get a job in Web3 - With Suhail Kakar,Find Francesco: https://francescociulla.com #174 Suhail Kakar https://twitter.com/SuhailKakar Talking with...@suhailkakar We ...,2022-09-14T14:22:38Z
7TkwxTYjkuU,Many videos on Twitter üöÄ #shorts #shortsvideo,Find Francesco: https://francescociulla.com.,2022-09-14T06:08:49Z
pKLQg0Z0A68,300000 views on YouTube. ü§Ø #shorts #shortsvideo,find Francesco: https://francescociulla.com.,2022-09-13T07:17:32Z
O02IFE6JOuI,Do Epic Sh*t - Twitter Space - Co-Host: and Pratim Bhosale | with Ankur Warikoo @warikoo,A Twitter Space about the Do Epic Sh*t Book (by Warikoo) Book Link: https://ankurwarikoo.com/doepicshitbook/ Ankur Warikoo ...,2022-09-11T11:29:25Z
g9Ii4HovxUU,"How to Build your own Cryptocurrency using Solidity, Remix IDE, Metamask","Full video: https://youtu.be/N4BBL1JfRSg Build your own Cryptocurrency with Solidity, Remix, and Metamask GitHub Repository ...",2022-09-09T15:03:08Z
9VWSxDapNRc,Productivity Music - Running Videos - 100 km Running challenge in Rome #shorts,Link: https://www.youtube.com/watch?v=SaJSNHXBLkc&list=PLPoSdR46FgI7EODhi6jBIxtQLr2PjvMjA&index=2 I created a ...,2022-09-08T09:54:23Z
xJi51PTbDD4,How to get a DevRel Role - Angie Jones,"Find Francesco: https://francescociulla.com In this episode, we have the Amazing Angie Jones, talking about DevRel, how to get ...",2022-09-07T14:48:38Z
6BkWw6anPj0,"How to build a personal brand, how to build a community, create content in Web3... Recursive Q&amp;A",First Video: https://youtu.be/SaJSNHXBLkc Join the Community: https://discord.com/invite/cRjhjFRRre How to learn Web3?,2022-09-05T14:33:17Z
5ryY-4metcQ,10000 Subscribers on youTube! 1% on the road to 1 Million #shorts,Thank you! https://francescociulla.com Let's Celebrate !!! 10000 subscribers on YouTube! It took me 351 videos and around 2 ...,2022-09-02T09:43:34Z
g38dpLwSdb0,How much $$$ are developers making? | With Luc Constantin,Find Francesco: https://francescociulla.com Luc Constantin: https://twitter.com/accolades_dev #172 Curious about the current ...,2022-09-02T04:35:26Z
1lcLLHzQDCg,"How to build your first Dapp, using HTML, CSS, JavaScript, Metamask, Remix, Solidity and Ethers.js","Full video here: https://youtu.be/N4BBL1JfRSg How to build your first Dapp, using HTML, CSS, JavaScript, Metamask, Remix, ...",2022-08-31T15:06:23Z
N4BBL1JfRSg,LearnWeb3 Challenge - 12 hours of Livestream - challenge,Find Francesco: https://francescociulla.com ‚ù§Ô∏èBecome a Member: ...,2022-08-28T19:09:57Z
wUDrsXUVStE,From coding in a dark room to jumping on the stage. Literally. #shorts,Find Francesco: htps://francescociulla.com.,2022-08-16T09:19:04Z
eQGm_9fJz8o,Introverted Developer on Social Media,"INTROVERSION IS NOT A DISEASE, Are you an introverted developer, and do you want to improve your social media presence?",2022-08-09T12:27:09Z
_AY64mzXUrw,Walletconnect &amp; Multichain | Pedro Gomes,Find Francesco: https://francescociulla.com #171 Website: https://walletconnect.com Docs: https://docs.walletconnect.com Specs: ...,2022-08-04T04:18:28Z
WjgiFo6bPSU,Cryptozombies - 12 hours Livestream,Find Francesco: https://francescociulla.com Cryptozombies - 12 hours Livestream ‚ñ∂Ô∏èNoCopyrightSounds / NCS: Music Without ...,2022-07-17T17:57:28Z
JJ2CEDa4_KQ,Developer&#39;s Health | Graham Ritchie,Find Francesco ‚û°Ô∏è http://francescociulla.com #169 Graham Ritchie https://twitter.com/GrahamTheDev https://dev.to/inhuofficial.,2022-07-15T04:27:49Z
LBD7rbmufOU,How to get a job in Tech - @DThompsonDev,Previous episode: https://youtu.be/kC8tcs7Tjsc #168 How to get a job in Tech - Danny Thompson Danny Thompson All the links ...,2022-07-07T14:11:17Z
GLmVxxsIgi8,Acting and Public Speaking for developers | Robby Schwertner,Find Francesco ‚û°Ô∏è http://francescociulla.com #167 Acting and Public Speaking for developers | Robby Schwertner Robby ...,2022-06-24T05:39:35Z
4f8QgvV7Lr4,How to build an Open Source Project - Johan Eliasson - Nhost,Find Francesco ‚û°Ô∏è http://francescociulla.com #166 How to build an Open Source Project - Nhost Nhost Site: https://nhost.io/ ...,2022-06-09T12:13:21Z
mmtjF1t-z6I,Docker Con 2022 - Learning in public VS learning in private,Find Francesco ‚û°Ô∏è http://francescociulla.com Speakers: Eddie jaoude @eddiejaoude https://twitter.com/eddiejaoude Pratim ...,2022-06-07T11:27:56Z
efiGLnvy2K0,Teaching in Tech | Maximilian Schwarzm√ºller,Find Francesco ‚û°Ô∏è http://francescociulla.com #165 Academind: @academind https://twitter.com/maxedapps ...,2022-05-26T12:27:20Z
1eDp7zmzD5U,How to build an Open Source Project - Johan Eliasson - CEO of NHost,Find Francesco ‚û°Ô∏è http://francescociulla.com #164 Nhost https://nhost.io/ Johan Eliasson https://twitter.com/elitasson.,2022-05-26T04:53:11Z
J6UiyoGFOxw,How to get a job in Web3 | Eda Akturk,Find Francesco ‚û°Ô∏è http://francescociulla.com #163 Eda Akturk https://twitter.com/edatweets_ https://eda.hashnode.dev/ ...,2022-05-22T01:56:56Z
gBnI7lWsjJI,How to get a Job in Tech | Danny Thompson,Find Francesco ‚û°Ô∏è http://francescociulla.com First Episode: https://youtu.be/kC8tcs7Tjsc Danny Thompson ...,2022-05-19T05:39:20Z
LnDCnynmmzo,Web3 Simplified | Ivan on Tech (Moralis),Find Francesco ‚û°Ô∏è https://francescociulla.com Web3 Simplified | Ivan on Tech (Moralis) #161 Moralis: https://moralis.io/mage/ ...,2022-05-14T22:31:16Z
zGP_nYmZd9c,Dockerize a Python Application,Find Francesco ‚û°Ô∏èhttp://francescociulla.com First Part of the video: https://youtu.be/S--SD4QbGps Dockerize a Python ...,2022-05-14T14:30:47Z
_FWS_Y4MkQU,State Variables - Solidity,Find Francesco ‚û°Ô∏è http://francescociulla.com Free Web3 Project   GitHub Repository: ...,2022-05-08T15:00:13Z
MC5HC6GOr-w,Solidity Hello World in 109 seconds,"Find Francesco ‚û°Ô∏è http://francescociulla.com Hi, I am Francesco, and In this short video, I will show you a quick step-by-step ...",2022-05-01T10:01:28Z
7iXrBbyBss4,ü•ëDevRel Collaborations | DevRel Roundtable,Find Francesco ‚û°Ô∏è http://francescociulla.com Episode 1: https://youtu.be/QJXd91XB77c Pratim Bhosale ??? (TO BE ...,2022-05-01T05:13:35Z
rZjokGqxC4o,Breaking into Tech and Web3 | Kevin Canlas,Find Francesco ‚û°Ô∏è http://francescociulla.com #160 Kevin Canlas https://t.co/ot7j4aKQIp https://twitter.com/kvncnls.,2022-04-28T04:47:59Z
c-POo2AHat8,Content Creators and Communities,Find Francesco ‚û°Ô∏è http://francescociulla.com Join the 4C Community https://t.co/hbMeXbX6NM?amp=1 Content Creators and ...,2022-04-22T04:38:18Z
p6ovkNUqAcY,How to reach 2 Millions of Subscribers on YouTube | @CSDojo,Find Francesco: http://francescociulla.com Yk (@CSDojo ) #159 https://twitter.com/ykdojo https://www.youtube.com/csdojo 0:00 ...,2022-04-14T14:30:08Z
j8GWl1TiCtM,Solidity Language with Cryptozombies - Lesson 5,Find Francesco ‚û°Ô∏è http://francescociulla.com Original Stream on Twitch: https://www.twitch.tv/francesco_ciulla 0:00 Tokens on ...,2022-04-12T16:00:14Z
JT-ARwR0DBM,Free Web3 Resources - Open Source Web3 Project on GitHub,Find Francesco ‚û°Ô∏è http://francescociulla.com Let's work on the Free Web3 Resources GitHub Repository!,2022-04-09T04:51:00Z
8pMRLtArfhg,Full Stack Web3 Development,Find Francesco ‚û°Ô∏è http://francescociulla.com This is a livestream of an article by @naderdabit Article link: ...,2022-04-04T16:00:15Z
ZQjdXMB0pOc,How to make a project Open Source | with @eddiejaoude,Find Francesco ‚û°Ô∏è http://francescociulla.com Let's Open Source my Web3 GitHub Repository.,2022-04-02T01:31:54Z
tXcSmifrUvk,Web3 - the bad parts | Tracy King,Find Francesco: http://francescociulla.com/ Web3 - the bad parts | Tracy King #158 Tracy king https://twitter.com/stack_tracy_.,2022-03-31T03:50:05Z
Ysfuu5lvQU4,GitOps - How to Get Started | with Hrittik,Find Francesco: http://francescociulla.com Portainer @Portainer IO https://www.portainer.io/ https://community.portainer.io/ Hrittik ...,2022-03-26T22:15:06Z
aBeu4IKJwOA,CSS - Coding Something Superb - Trecia Kat,http://francescociulla.com/ CSS - Coding Something Superb - Trecia Kat #157 Trecia Kat https://jemi.so/treciaks ...,2022-03-24T05:02:47Z
cGG3EJ49LE8,No-Code Tools for Developers? - Harsh Makadia,http://francescociulla.com/ #156 Book link: https://www.zero-to-mvp.com/ Harsh Makadia: https://twitter.com/MakadiaHarsh ...,2022-03-17T05:10:42Z
Uc2aSwSDNXk,Developer Advocacy &amp; DevOps | @KunalKushwaha,"Series by Francesco https://francescociulla.com In this episode, we will talk about Kunal's role as a Developer Advocate and about ...",2022-03-11T16:30:14Z
QHh0-725noE,Polygon Blockchain for Beginners with @EtishaGarg  | Etisha Garg,Polygon Blockchain for Beginners | Etisha Garg @EtishaGarg Etisha Garg #154 Twitter https://twitter.com/GargEtisha YouTube ...,2022-02-24T05:25:19Z
eCHu_1FOlvk,Gitpod in action | Pauline P. Narvas,Pauline's story: https://youtu.be/4yrZJMxK_Gw Gitpod https://www.gitpod.io/ Pauline https://twitter.com/paulienuh Francesco Ciulla ...,2022-02-19T04:45:39Z
MeqE2iDuFBw,"Web3, how to get started | Nader Dabit","First interview with @naderdabit https://youtu.be/KwcoT6NLByM #153 Web3, how to get started | Nader Dabit Nader Dabit ...",2022-02-17T04:55:25Z
kX5nt1SkzqA,Teach &amp; Learn as a Developer | Ali Spittel,Teach & Learn as a Developer | Ali Spittel #152 Learning online: https://youtu.be/5DBE3AvIZ0Q AWS Studio in Action ...,2022-02-10T05:49:07Z
ql2-hpcN4nQ,Computer Science Degree or Self taught? | daily.dev Spaces,Computer Science Degree or Self taught? daily.dev Pratim https://twitter.com/BhosalePratim Sumudu ...,2022-02-06T16:55:52Z
s_f28zsHogU,daily.dev reloaded (1 year later) | Ido Shamun,Find Francesco ‚û°Ô∏è http://francescociulla.com #151 daily.dev reloaded (1 year later) | Ido Shamun daily.dev https://daily.dev/ Ido ...,2022-02-03T04:49:54Z
FzUs6aDp42A,Twitter Bot Development and deployment | Hrittik,Portainer @Portainer IO https://www.portainer.io/ https://community.portainer.io/ - Create a Twitter Bot - Deploy the Twitter Bot ...,2022-01-31T06:14:05Z
QJXd91XB77c,Effective Strategies | DevRel Round Table,Effective Strategies | DevRel Round Table Host: https://twitter.com/FrancescoCiull4 Francesco Ciulla daily.dev Pratim Bholesale ...,2022-01-30T05:06:54Z
O4AtjhZEq_8,Portainer in Action | Dimko,"Find Francesco‚û°Ô∏è http://francescociulla.com Portainer Portainer enables centralized configuration, management, and security of ...",2022-01-29T04:35:04Z
uz2fj4HYsrg,Solidity Language with Cryptozombies - Lesson 4,Find Francesco ‚û°Ô∏è http://francescociulla.com Original Stream on Twitch: https://www.twitch.tv/francesco_ciulla Francesco Ciulla ...,2022-01-27T15:16:08Z
3Tmqod2oLAk,Working at FAANG - Dylan Isreal,Find Francesco ‚û°Ô∏è http://francescociulla.com #150 Working at FAANG - Dylan Isreal Dylan Isreal ...,2022-01-27T04:50:56Z
Ys5VkHXFlUA,YouTube for Devs | sudoCode aka Yogita Sharma,Find Francesco ‚û°Ô∏è http://francescociulla.com #149 YouTube for Devs | sudoCode aka Yogita Sharma ...,2022-01-23T19:42:27Z
rQ5cmYY-qW0,Web 3 for developers. (by daily.dev),Find Francesco ‚û°Ô∏è http://francescociulla.com Web 3 for Developers Twitter Space. offered by daily.dev @dailydotdev Guests: ...,2022-01-23T12:49:38Z
xCX2C_cL72k,Solidity Language with Cryptozombies - Lesson 3,Find Francesco ‚û°Ô∏è http://francescociulla.com Original Stream on Twitch: https://www.twitch.tv/francesco_ciulla Francesco Ciulla ...,2022-01-20T13:55:18Z
NbHOYL-JWbI,Blockchain Development | Patrick Collins,Find Francesco ‚û°Ô∏è http://francescociulla.com #148 Blockchain Development | Patrick Collins Patrick Collins @Patrick Collins ...,2022-01-20T05:09:28Z
qPSOVgDX5NI,AWS Amplify Studio in Action | Ali Spittel,Find Francesco ‚û°Ô∏è http://francescociulla.com Interview with Ali: https://www.youtube.com/watch?v=5DBE3AvIZ0Q AWS Amplify ...,2022-01-15T05:02:31Z
zUwB_imVjmg,Introverts &amp; Content Creation |  Sumudu Siriwardana,Find Francesco‚û°Ô∏è http://francescociulla.com Introverts & Content Creation | Sumudu Siriwardana #147 Sumudu ...,2022-01-13T06:10:09Z
azgWjNjYfc0,Devrel &amp; Web3 - How to get Started | Pratim Bhosale,Find Francesco‚û°Ô∏è http://francescociulla.com Devrel & Web3 - How to get Started | Pratim Bhosale #146 Pratim ...,2022-01-06T04:34:44Z
SSNWiAh7o0w,Solidity Language with Cryptozombies - Lesson 2,Find Francesco ‚û°Ô∏è http://francescociulla.com Original Stream on Twitch: https://www.twitch.tv/francesco_ciulla Francesco Ciulla ...,2021-12-31T11:52:02Z
4mN1JqUDwZk,2022 and the Future of Web Dev | Joe Previte,Find Francesco ‚û°Ô∏è http://francescociulla.com 2022 and the Future of Web Dev | Joe Previte #145 Joe Previte ...,2021-12-30T05:45:51Z
prGxEp01idA,"Kubernetes App Deployment | Hrittik, Portainer Developer Advocate",Portainer @Portainer IO https://www.portainer.io/ https://community.portainer.io/ https://github.com/hrittikhere/kubernetes/ ...,2021-12-28T18:20:32Z
DBh7H2hI_PY,Solidity Language with Cryptozombies - Lesson 1,Find Francesco ‚û°Ô∏è http://francescociulla.com Original Stream on Twitch: https://www.twitch.tv/francesco_ciulla Francesco Ciulla ...,2021-12-26T13:10:13Z
XSIS3UtooNM,Docker Dev Environments | with Felipe Cruz,Find Francesco ‚û°Ô∏è http://francescociulla.com Docker Dev Environments | with Felipe Cruz In this first video of the Dev ...,2021-12-24T06:53:07Z
gfAmn9v0lSM,RapidAPI in Action | with Pratham,Find Francesco‚û°Ô∏è http://francescociulla.com Interviews 1 with Pratham https://youtu.be/rPP-umPNk5M Interviews 1 with Pratham ...,2021-12-21T05:33:22Z
E6QoeAwhAJ8,Web3 &amp; Developer Advocacy | Samina,Web3 & Developer Advocacy | Samina #144 Samina Blog: https://samina.dev/ Twitter: https://twitter.com/saminacodes Francesco ...,2021-12-16T04:54:16Z
nMimDaiOTv4,Blockchain and web3 | Kacie Ahmed,Blockchain and web3 | Kacie Ahmed #143 Kacie Ahmed ‚õì BDU ‚ûî https://bdu.dev/ Twitter ‚ûî https://twitter.com/Haezurath ...,2021-12-01T07:08:40Z
3G0XOOA_fJo,How to Deploy your app with Portainer | With Hrittik,Find Francesco ‚û°Ô∏è http://francescociulla.com How to Deploy your app with Portainer | With Hrittik Activate your 5 Nodes License: ...,2021-11-27T20:36:31Z
Wh6r6xHPEIg,DevOps Advocacy | Kunal Kushwaha,"DevOps Advocacy | Kunal Kushwaha #142 In this Episode, we will talk about Kunal's role as a Developer Advocate and about his ...",2021-11-24T15:42:39Z
esESr5th_JY,Become Creative as a Developer | Dev Ed,Find Francesco ‚û° http://francescociulla.com #141 Become Creative as a Developer | Dev Ed Dev Ed @developedbyed Site ...,2021-11-18T05:17:36Z
Co0D5d0P5sw,Web3: How to get started | Vitto Rivabella,Web3: How to get started #140 Vitto Rivabella https://twitter.com/VittoStack https://vitto.cc/ Francesco Ciulla ‚ù§Ô∏è SUPPORT ...,2021-11-11T03:37:36Z
ysSENay_a_M,The World Of Startups | Jennifer Strout,Find Francesco ‚û° http://francescociulla.com #139 The World Of Startups | Jennifer Strout Jennifer Strout Linktree: ...,2021-11-04T05:03:40Z
eubdK18sZRk,Containers? Portainer | Neil Cresswell,Find Francesco ‚û° http://francescociulla.com #138 Containers? Portainer | Neil Cresswell Portainer enables centralized ...,2021-10-29T01:56:39Z
-WlqYj__g68,All you need is Python | Patrick Loeber,Find Francesco ‚û°Ô∏è http://francescociulla.com #137 All you need is Python | Patrick Loeber Patrick Loeber Youtube: ...,2021-10-28T04:04:35Z
NPP55NGTQH0,Podcasting opens doors | With Mike,Find Francesco ‚û°Ô∏è http://francescociulla.com #136 Podcasting opens doors | With Mike Questions for Mike: - How did you get ...,2021-10-21T03:02:58Z
EnbY5auoJT4,How to get started with Web Dev Freelancing | Nat Miletic,Find Francesco ‚û°Ô∏è http://francescociulla.com #135 How to get started with Web Dev Freelancing | Nat Miletic Nat Miletic ...,2021-10-16T03:18:45Z
iAwJt4pBYIk,Game-changing side projects | Csaba Kissi,Find Francesco ‚û°Ô∏è http://francescociulla.com #134 Game-changing side projects | Csaba Kissi Csaba Kissi Twitter ...,2021-10-08T02:17:57Z
CtG19MuPFWk,From Professor to YouTuber (Data Professor) | Chanin Nantasenamat,Find Francesco ‚û° http://francescociulla.com #133 From Professor to YouTuber (Data Professor) | Chanin Nantasenamat - Check ...,2021-10-06T15:30:12Z
U1HN0bCmFtQ,The Power of Networking | Samantha Postman,Find Francesco ‚û°Ô∏è http://francescociulla.com #132 The Power of Networking | Samantha Postman Samantha Postman ...,2021-09-23T05:00:02Z
akMwK8-CJsg,Content Creation for Introverts | Insha Ramin,Find Francesco ‚û°Ô∏è http://francescociulla.com #131 Content Creation for Introverts | Insha Ramin Insha ...,2021-09-17T11:59:07Z
4sNAK5OGYNc,How to install Portainer with Docker,How to install Portainer with Docker Portainer website - https://portainer.io Portainer Linkedin page: ...,2021-09-14T12:56:18Z
IsAlfau4cdU,How To Get a Great Job as a Developer | Eddy Vinck,Find Francesco ‚û°Ô∏è http://francescociulla.com #130 How To Get a Great Job as a Developer | Eddy Vinck Eddy Vinck ...,2021-09-11T02:07:15Z
AHjJwCf3lFM,How to find clients with Twitter | Shaquil Hansford,Find Francesco ‚û°Ô∏è http://francescociulla.com #129 How to find clients with Twitter Shaquil Hansford ...,2021-09-04T04:04:44Z
J6ZhYhurlr8,Twitter growth 101 | Favor,Find Francesco ‚û°Ô∏è http://francescociulla.com #128 Twitter growth 101 | Favor Favor Twitter: https://twitter.com/heyOnuoha ...,2021-08-20T14:00:11Z
1cdzLEi--uE,Why you need to learn to code now | Raza Rython,Find Francesco ‚û°Ô∏è http://francescociulla.com #127 Why you need to learn to code now | Raza Rython Raza Instagram: ...,2021-08-13T01:02:15Z
wTxLzs86AU4,Fear of Judgement #Shorts #fear #judgement #makevideos,Fear of Judgement #Shorts #fear #judgement #makevideos Francesco Ciulla ‚ù§Ô∏è SUPPORT ...,2021-08-05T08:25:47Z
vrpIAoZVWQM,Why your work is valuable | Ana√Øs Urlichs,Find Francesco ‚û°Ô∏è http://francescociulla.com #126 Why your work is valuable | Ana√Øs Urlichs Anais @AnaisUrlichs Site ...,2021-08-05T04:10:21Z
6BsdWspVNYk,How to become the BEST Content Creator #Shorts,How to become the BEST Content Creator #Shorts Francesco Ciulla ‚ù§Ô∏è SUPPORT ‚óã https://github.com/sponsors/FrancescoXX ...,2021-07-29T09:31:06Z
4HJJuiDbNkI,Coding Yuri | Did she hack Twitter?,"Find Francesco ‚û°Ô∏è http://francescociulla.com #125 this LIVE episode, we will talk with Yuri about her insane growth on Twitter ...",2021-07-29T00:17:08Z
MoTaPCoJT_I,Perfect Videos #Shorts,Perfect Videos #Shorts Francesco Ciulla ‚ù§Ô∏è SUPPORT ‚óã https://github.com/sponsors/FrancescoXX DISCORD SERVER ...,2021-07-22T08:09:02Z
pWJCafAjiTw,How to create good Content | Shruti Kapoor,Find Francesco ‚û°Ô∏è http://francescociulla.com #How124 to create good Content | Shruti Kapoor Shruti Kapoor Twitter: ...,2021-07-22T06:07:34Z
f2SDGugm3rU,How to handle bad comments on Social Media #Shorts,How to handle bad comments on Social Media Francesco Ciulla ‚ù§Ô∏èSUPPORT ‚óã https://github.com/sponsors/FrancescoXX ...,2021-07-15T08:55:30Z
xQ5tvBENDwM,Dev Blogging on Hashnode | Syed Fazla Rahman,Find Francesco ‚û°Ô∏è http://francescociulla.com #123 Dev Blogging on Hashnode | Syed Fazla Rahman Join Hashnode!,2021-07-14T12:01:19Z
wSEuq5eAMTY,What&#39;s the best topic to start making videos? #Shorts,What's the best topic to start making videos? Francesco Ciulla ‚ù§Ô∏èSUPPORT ‚óã https://github.com/sponsors/FrancescoXX ...,2021-07-08T10:59:49Z
bvQJPxP1_Js,Branding &amp; Design | Jeremy Mura,"Find Francesco ‚û°Ô∏è http://francescociulla.com #122 Episode 122 In this episode, we will talk with Jeremy Mura about how to build ...",2021-07-07T23:50:23Z
Ez0MfprE1XI,How to build a 100k audience in 12 months | Pratham,Find Francesco ‚û°Ô∏è http://francescociulla.com #121 How to build a 100k audience in 12 months | Pratham code francesco100 ...,2021-07-02T04:11:51Z
ql_aQuCgwdg,From developer to entrepreneur to writer | Arvid Kahl,"Find Francesco ‚û°Ô∏è http://francescociulla.com #120 From developer to entrepreneur to writer, with Arvid Kahl TO GET THE ...",2021-07-01T05:03:41Z
gKw938iSjmM,What do you need to make videos on YouTube #Shorts,What do you need to make videos on YouTube? This is my first Short on YouTube! https://francescociulla.com.,2021-06-30T09:32:14Z
9jo2NnxQ9-Q,Content without Compromise | Jack Forge,Find Francesco ‚û°Ô∏è http://francescociulla.com #119 Content without Compromise | Jack Forge Jack Forge Site: ...,2021-06-27T03:15:34Z
3n1a7wNyiFc,Being a Developer Advocate at Google | Stephanie Wong,Find Francesco ‚û°Ô∏è http://francescociulla.com #118 Being a Developer Advocate at Google Stephanie Wong Site ...,2021-06-19T04:57:11Z
KPovAtpZcvM,From India To Canada (+Tips for Students) | Programmer Couple,Find Francesco ‚û°Ô∏è http://francescociulla.com #117 From India To Canada Pranav and Kritika Journey from India to Canada and ...,2021-06-13T00:56:51Z
5DBE3AvIZ0Q,"Learning Online | Angie Jones, Colby Fayock, Quincy Larson, Ali Spittel","Find Francesco: https://francescociulla.com #116 Learning Online | Angie Jones, Colby Fayock, Quincy Larson, Ali Spittel In this ...",2021-06-10T05:13:51Z
HhkwLJCZw2Y,"Build a Rest API using Node.js, Express, Sequelize, Postgres, Docker","In this Live episode, I will create a set of CRUD API, using Node.js, Express, Sequelize, Postgres and Docker. Find Francesco: ...",2021-06-04T04:37:16Z
siDQHsGq9NA,How to Secure Docker Containers | Liran Tal,Find Francesco ‚û°Ô∏è http://francescociulla.com #115 How to Secure Docker Containers | Liran Tal Liran Tal TWITTER ...,2021-06-03T01:16:44Z
R_mcN0QR5qw,Dockercon 2021 Highlights (9 Hours in 20 Minutes),Find Francesco ‚û°Ô∏è http://francescociulla.com Speakers: Donnie Berkholz:https://twitter.com/dberkholz Dieu Cao: ...,2021-05-29T14:25:04Z
gT9B7kE-OTk,Collaborations with Content Creators  | Colby Fayock,Find Francesco ‚û°Ô∏è http://francescociulla.com #114 Collaborations with Content Creators: Why are they so important and how ...,2021-05-27T05:14:50Z
G3XnMZuPvcY,How to be successful on YouTube | Bucky Roberts (The New Boston),Find Francesco ‚û°Ô∏è http://francescociulla.com #113 How to be successful on YouTube | Bucky Roberts (The New Boston) ...,2021-05-19T18:00:14Z
6-bShJFlXUw,The Future of the web | Oliver Jumpertz,"Find Francesco ‚û° http://francescociulla.com #112 How the web started, into what it evolved, and how it's probably going to look in ...",2021-05-15T00:33:05Z
AbdcoJHVutk,How to become a better Developer | with Nacho Iacovino,"110 How to become a better Developer | with Nacho Iacovino In this episode, we will talk with Nacho, about his journey as a ...",2021-04-29T02:25:09Z
bjKOTy9-sYM,Tips &amp; tricks for freelancers l Blake Lower,"109 Find Francesco ‚û°Ô∏è http://francescociulla.com In this episode, we will talk with Blakes about Freelancing, especially for ...",2021-04-22T07:04:54Z
l-kz6hDz6MU,Founders &amp; Startups | Albert Kozlowski,"Find Francesco ‚û°Ô∏è http://francescociulla.com #108 Founders & Startups | Albert Kozlowski In this LIVE episode, we will talk ...",2021-04-15T01:25:48Z
4b9cBBUfEvA,Freelancing tips for Developers | Dan Spratling,Find Francesco ‚û°Ô∏è http://francescociulla.com #107 Freelancing tips for Developers | Dan Spratling Dan Spratling Site ...,2021-04-10T05:19:15Z
_EX_kkd_Phc,How to get a Job using Social Media | Liz Kenyon,Find Francesco ‚û° http://francescociulla.com #106 How to get a Job using Social Media | Liz Kenyon We have talked about getting ...,2021-04-03T15:49:46Z
GI1abVgcnRQ,Developer Habits | Kethmar Salumets,Find Francesco ‚û° http://francescociulla.com @developerhabits #105 Developer Habits | Kethmar Salumets Support ...,2021-03-20T18:02:48Z
_EX_kkd_Phc,How to get a Job using Social Media | Liz Kenyon,Find Francesco ‚û° http://francescociulla.com #106 How to get a Job using Social Media | Liz Kenyon We have talked about getting ...,2021-04-03T15:49:46Z
GI1abVgcnRQ,Developer Habits | Kethmar Salumets,Find Francesco ‚û° http://francescociulla.com @developerhabits #105 Developer Habits | Kethmar Salumets Support ...,2021-03-20T18:02:48Z
519nUxZx51w,This Happened for real after 3 years...,"After 3 years, I quit my Job. Let's celebrate together. All the links: https://francescociulla.com.",2021-03-13T04:33:58Z
7iGWOocM6Ac,From Tourism to Cybersecurity (...and Yoga) | Alina,Find Francesco ‚û° http://francescociulla.com #104 From Tourism to Cybersecurity (...and Yoga) | Alina Alina Instagram: ...,2021-03-12T12:59:50Z
VOO8dSUnYAc,Success without Plans as a Developer | Chris Sev,Find Francesco ‚û° http://francescociulla.com Chris Sev @ChrisSev_ Site: https://better.dev Course: https://beginnertailwind.com ...,2021-03-04T12:59:56Z
GSmPFpR-rVc,"From Basketball to Devops , Python and YouTube | Jim","Find Francesco ‚û° http://francescociulla.com #012 From Basketball to Devops , Python and YouTube | Jim Jim @jimshapedcoding ...",2021-02-25T13:05:49Z
xYErYHSKJXs,How to find a Mentor as a developer | Phillip Ninan,Find Francesco ‚û° http://francescociulla.com #101 How to find a Mentor as a developer | Phillip Ninan Phillip Ninan BLOG ...,2021-02-16T12:30:13Z
cO8dRrP32t0,The Dream of Content Creators | Adrian Twarog,100 The Dream of Content Creators | Adrian Twarog Adrian Twarog @AdrianTwarog Twitter ‚óã https://twitter.com/adrian_twarog ...,2021-02-02T11:17:30Z
aojygTaQppM,Never stop learning (Motivation for Developers) | Chris Kalmar,Find Francesco ‚û°Ô∏è http://francescociulla.com #99 Never stop learning (Motivation for Developers) | Chris Kalmar @chriskalmar ...,2021-02-01T14:35:03Z
lEUGhj-Ibsg,From Mechanical Engineer to DevOps | Sid Palas (DevOps Directive),98 From Mechanical Engineer to DevOps | Sid Palas (DevOps Directive) Devops Directive @DevOpsDirective Youtube ...,2021-01-31T14:05:15Z
jHz9hn4J4QI,The neverending process of learning as a developer | Jordan the Computer Scientist,97 The neverending process of learning as a developer | Jordan the Computer Scientist Jordan YOUTUBE ...,2021-01-30T13:25:14Z
sVK49Fh-sFc,How to be creative as Developer and Content Creator | William Candillon,96 How to be creative as Developer and Content Creator | William Candillon William Candillon @wcandillon YOUTUBE ...,2021-01-29T13:40:19Z
O7FET3GT4-I,Simplifying Web Development for Developers | Kyle,95 Simplifying Web Development for Developers | Kyle Web Dev Simplified (Kyle) @WebDevSimplified YOUTUBE ...,2021-01-28T14:56:42Z
c3jWKYfQVys,From Videogamer to Self taught programmer and YouTuber | Dorian Develops,94 From Videogamer to Self taught programmer and YouTuber | Dorian Develops Dorian Develops YOUTUBE ...,2021-01-27T13:22:03Z
6fLdJKHLOfc,How Gary Simon Ultimately Became a YouTuber (Tips) | Gary Simon,92 How Gary Simon Ultimately Became a YouTuber (Tips) | Gary Simon Gary Simon @DesignCourse DesignCourse ...,2021-01-25T15:21:46Z
u1WrsUgt5lM,Not every social platform is for you | Nick White,91 Not every social platform is for you | Nick White Nick White Twitter ‚óã https://twitter.com/nicholaswwhite YouTube ...,2021-01-24T15:02:11Z
YFeEhy7gwpQ,Test Driven Development | Deni Moka,90 Test Driven Development | Deni Moka Deni Moka TWITTER ‚óã https://twitter.com/dmokafa LINKEDIN ...,2021-01-23T13:44:27Z
BsOVG5-8xqU,"Young and talented, with a passion for code and making videos | TomiTokko @CodeWithTomi","89 Young and talented, with a passion for code and making videos | Tomi Tokko @Code With Tomi Tomi Tokko YouTube: ...",2021-01-22T13:19:31Z
otLDUHJO1jE,"Slow, Strange, and Steady journey to Content creation | Kevin Powell","88 Slow, Strange, and Steady journey to Content creation | Kevin Powell Francesco Ciulla ‚ù§Ô∏èSUPPORT ...",2021-01-21T14:02:24Z
nqe5u_iUy4w,Making Videos that teach and inspire content creators | TheCoderCoder (Jessica Chan),87 Making Videos that teach and inspire content creators | TheCoderCoder (Jessica Chan) TheCoderCoder (Jessica Chan) ...,2021-01-20T15:18:57Z
92Ayjpm__mA,From Graphic Designer to Developer | Sulamita Ivanov,Find Francesco http://francescociulla.com #86 From Marketing and Graphic Designer to Developer | Sulamita Ivanov Sulamita ...,2021-01-19T16:07:29Z
jSplAnQgLSE,The journey of learning consistently by doing | Catalin Miron,85 The journey of learning consistently by doing | Catalin Miron Catalin Miron Twitter: https://twitter.com/mironcatalin YouTube: ...,2021-01-18T13:29:10Z
eaTwEYbiqOM,How 3 people can have a Huge Impact on the Dev&#39;s Community | Nimrod Kramer (daily.dev),84 How 3 people can have a Huge Impact on the Dev's Community | Nimrod Kramer (daily.dev) Nimrod Kramer - daily.dev ...,2021-01-17T15:17:29Z
XI-zetJY_UM,Impact of Bad and Good Habits on our life | Eliahu Garcia Lozano,83 Impact of Bad and Good Habits on our life | Eliahu Garcia Lozano Eliahu Garcia Lozano Twitter: https://twitter.com/eligarlo ...,2021-01-16T15:08:15Z
uhFjrf3Kzq4,Music and Coding | Gagan Deep Singh,82 Music and Coding | Gagan Deep Singh Gagan [For Tech] Twitter: https://twitter.com/GaganGulyani LinkedIn: ...,2021-01-15T12:10:45Z
Tt6hBgQRBz4,Development and Content Creation | Catalin Pit,81 Development and Content Creation | Catalin Pit Catalin Pit https://www.youtube.com/channel/UCl1IRCSmm74qhcFNPTHcbMg ...,2021-01-14T12:00:32Z
v2XiGr3b8Zc,Flutter Introvertuber | Robert Brunhage,79 Flutter Introvertuber | Robert Brunhage @RobertBrunhage Robert Brunhage Design: ...,2021-01-12T13:37:35Z
JsSVskQEnMk,Livestreaming on Twitch | Igor Silvera,78 Livestreaming on Twitch | Igor Silvera Igor Silvera YT - https://youtube.com/c/igorsilveira Twitch - http://www.twitch.tv/igorsilveira ...,2021-01-11T13:25:50Z
cmVRALbHWlM,Long and winding road to programming | Kenneth Cassel,"77 Long and winding road to programming. Music, Gas Station, Raspberry PI, Hackathons - Kenneth Cassel Deliberate ...",2021-01-10T13:15:15Z
syQMyYgvdUw,Story of an Introvertuber Software Engineer | Prem P. Acharya,76 Story of an Introvertuber Software Engineer | Prem P. Acharya Introvertuber http://www.introvertuber.com Video ...,2021-01-09T11:07:34Z
XfMru-UFnEM,From a bad comment to a successful Youtuber career | Sarthak,75 From a bad comment to a successful Youtuber career | Sarthak Sarthak https://youtube.com/bitfumes ...,2021-01-08T12:57:06Z
Xh_0TqIOsi8,Docker And Kubernetes in DevOps world | Bret Fisher,74 Docker And Kubernetes in DevOps world | Bret Fisher @BretFisher Bret Fisher YOUTUBE ‚óã YouTube Live On Thursdays: ...,2021-01-07T13:20:54Z
YF8oawutH4w,Surround yourself with smart people | Apoorv Tyagi,73 Surround yourself with smart people | Apoorv Tyagi Apoorv Tyagi TWITTER ‚óã https://twitter.com/apoorv__tyagi SITE ...,2021-01-06T14:25:49Z
A57JqCC5lJE,From IT-Support to Software Development within 2 years | Nathaniel Idahosa,71 From IT-Support to Software Development within 2 years | Nathaniel Idahosa @codestories Nathaniel Idahosa TWITTER ...,2021-01-04T20:34:05Z
EKeefyDThus,Age is Nan (Not a Number): You can be a developer at any - with Luc Constantin,70 Age is Nan (Not a Number): You can be a developer at any - with Luc Constantin Luc Constantin TWITTER ...,2021-01-03T13:56:23Z
udY7zIyKu78,"Medicine Student, Developer, YouTuber | Doctor Code","69 Medicine Student, Developer, YouTuber | Doctor Code Doctor Code YOUTUBE ‚óã https://t.co/A2VdsmCy7r TWITTER ...",2021-01-02T11:52:10Z
U94oo0N4ras,"If you want to go fast, travel alone. If you want to go far, travel with other developers | Annie","68 If you want to go fast, travel alone. If you want to go far, travel with other developers | Annie Annie SITE ...",2021-01-01T17:39:13Z
1xtih2yHKgo,How to get started with Machine Learning | Pratham Prasoon,67 How to get started with Machine Learning | Pratham Prasoon Pratham Prasoon SITE ‚óã https://prathamprasoon.codes/ ...,2020-12-31T14:41:49Z
-AYZUXKxohE,Progressive improvement in making videos | Caleb Curry,66 Progressive improvement in making videos | Caleb Curry @codebreakthrough Caleb Curry SITE ...,2020-12-30T16:46:51Z
EQvvgQHW-kg,Getting Started With Open Source with the GitHub Star | Eddie Jaoude,65 Getting Started With Open Source with the GitHub Star | Eddie Jaoude @eddiejaoude community website ...,2020-12-29T14:00:12Z
kGa_jvtXKYQ,How to write a successful programming book | Luciano Mammino,63 How to write a successful programming book | Luciano Mammino @Loige Node.js Design Patterns: ...,2020-12-27T13:17:04Z
8KXnm_s5oYg,From developer to Content Creator - James Perkins,62 From developer to Content Creator - James Perkins @james-perkins James Perkins TWITTER ...,2020-12-26T13:36:11Z
Og0mU_rQtDU,From no technical background to developer | Nadia Zhuk,"61 From no technical background to developer | Nadia Zhuk You can find her book ""Crossing the Rubycon"" At these links: ...",2020-12-25T15:43:16Z
f3Sd6_TdsA0,How to Find motivation for side projects | Nehemiah,60 How to Find motivation for side projects | Nehemiah ------------------------------------------------------------------- Nehemiah TWITTER ...,2020-12-24T18:14:12Z
VFaGkf8W-tM,"From Developer to Freelancer to Purple YouTuber, Streamer, and Blogger | Florin Pop","59 From Developer to Freelancer to Purple YouTuber, Streamer, and Blogger | Florin Pop Make money as Dev: ...",2020-12-23T17:00:09Z
I34qzNbd6-w,Gamer to Game Developer using Unity3d | GTGD (Looqman),58 Gamer to Game Developer using Unity3d | GTGD (Looqman) @GamerToGameDeveloper Looqmaan TWITTER ...,2020-12-22T14:12:02Z
ZFZdY8grJWU,How to freelance as a web developer for a long time | Tom Hirst,57 How to freelance as a web developer for a long time | Tom Hirst Tom Hirst PRICING FREELANCE PROJECTS ...,2020-12-21T14:47:22Z
-7YpqB8DvnQ,How to optimize your time as a parent developer | Sarah Shook,56 How to optimize your time as a parent developer | Sarah Shook Sarah Shook SITE ‚óã https://shook.codes/ TWITTER ...,2020-12-20T15:30:00Z
kLOhOsMxXfE,Resume tips for developers | Stas Klymenko,55 Resume tips for developers | Stas Klymenko https://twitter.com/StasKlymenko ...,2020-12-19T16:00:57Z
8r0oe5g_ltU,"Mom, Developer and Youtuber! | Shruti Balasa","54 Mom, Developer and Youtuber! | Shruti Balasa Shruti Balasa TWITTER ‚óã https://twitter.com/shrutibalasa YOUTUBE ...",2020-12-18T13:40:47Z
ZFZdY8grJWU,How to freelance as a web developer for a long time | Tom Hirst,57 How to freelance as a web developer for a long time | Tom Hirst Tom Hirst PRICING FREELANCE PROJECTS ...,2020-12-21T14:47:22Z
-7YpqB8DvnQ,How to optimize your time as a parent developer | Sarah Shook,56 How to optimize your time as a parent developer | Sarah Shook Sarah Shook SITE ‚óã https://shook.codes/ TWITTER ...,2020-12-20T15:30:00Z
kLOhOsMxXfE,Resume tips for developers | Stas Klymenko,55 Resume tips for developers | Stas Klymenko https://twitter.com/StasKlymenko ...,2020-12-19T16:00:57Z
8r0oe5g_ltU,"Mom, Developer and Youtuber! | Shruti Balasa","54 Mom, Developer and Youtuber! | Shruti Balasa Shruti Balasa TWITTER ‚óã https://twitter.com/shrutibalasa YOUTUBE ...",2020-12-18T13:40:47Z
lWBr7wzoTEw,Programming jokes from a Microsoft Software Engineer! | Carla Codes,53 Programming jokes from a Microsoft Software Engineer! | Carla Codes Carla Codes TWITTER ...,2020-12-17T14:20:28Z
tdajsyYRDbg,How to create a standout developer career | Randall Kanna,"52 How to create a standout developer career | Randall Kanna ""The Standout Developer"": https://gumroad.com/a/1016689779 ...",2020-12-16T13:53:25Z
4df1eirXcII,Starting a blog is useful for others and for you | Edidiong Asikpo,51 Starting a blog is useful for others and for you | Edidiong Asikpo Edidiong Asikpo SITE ‚óã https://edidiongasikpo.com/ ...,2020-12-15T13:23:17Z
-u5nMyALYPQ,Hashnode: giving voice to people with a blogging platform for Developers | Sandeep Panda,50 Hashnode: giving voice to people with a blogging platform for Developers | Sandeep Panda Join Hashnode!,2020-12-14T15:42:15Z
3taZS5D1Jl8,Lucid Dreaming using Arduino | Dashiell Bark-Huss,49 Lucid Dreaming using Arduino | Dashiell Bark-Huss We have talked about her two projects: The first one is a project about ...,2020-12-13T16:07:23Z
KPq-gH-IhXw,Working from home as a developer | Telmo Goncalves,48 Working from home as a developer | Telmo Goncalves Telmo Goncalves TWITTER ‚óã https://twitter.com/telmo ...,2020-12-12T15:16:10Z
XOOjsbk43i0,Failed challenges and fears can&#39;t stop us creating content for Devs&#39; community - Ayushi Rawat,Find Francesco ‚û° http://francescociulla.com #47 Failed challenges and fears can't stop us creating content for Devs' community- ...,2020-12-11T15:36:33Z
gXdt8WifoeE,Not only a CSS artist but an Amazing Person | Jhey Tompkins,46 Not only a CSS artist but an Amazing Person | Jhey Tompkins Jhey Tompkins TWITTER ‚óã https://twitter.com/jh3yy ...,2020-12-10T13:58:40Z
MjR3O1uFN0c,&quot;Lifestyle First&quot; approach to life | Daniel Vassallo,"45 ""Lifestyle First"" approach to life | Daniel Vassallo Daniel's incredible products: 1Ô∏è‚É£The Good Parts of AWS: ...",2020-12-09T16:30:29Z
IV5-TOTFDVU,Improve your mindset and land a job as a developer | Mads Brodt,44 Improve your mindset and land a job as a developer | Mads Brodt We have talked about: 0:00 Welcome to my 1000th ...,2020-12-08T12:16:19Z
k3euQWFBgIk,How challenges can help you to improve - Eleftheria Batsou,43 How challenges can help you to improve - Eleftheria Batsou @EleftheriaBatsou We have talked about: - How did she become ...,2020-12-07T13:20:54Z
RXdDZUor5eU,Public Speaking as a non-native speaker (+Tweetastic) - Dimitri Ivashchuk,42 Public Speaking as a non-native speaker (+Tweetastic) - Dimitri Ivashchuk We have talked about: - Dev as a hobby in the ...,2020-12-06T11:06:41Z
b8sETb4Fi2Q,How to get started with CSS art | Kassandra Sanch,41 How to get started with CSS art | Kassandra Sanch We have talked about: - Her past in Architecture - @ewetube5955 - Passion ...,2020-12-05T14:47:43Z
42Ic9Shn8TI,Switch Career to Software development at 30+ | Devin Ford,40 Switch Career to Software development at 30+ | Devin Ford We have talked about: - His current job - Why he decided to switch ...,2020-12-04T10:22:17Z
OXVjBpBzrmM,From 0 to 100k subs on Youtube in 1 year with no online presence (RISKY) | Dennis Ivy,38 From 0 to 100k subs on Youtube in 1 year with no online presence (RISKY) | Dennis Ivy Dennis Ivy YOUTUBE ...,2020-12-02T14:00:11Z
lJpWHsWe_qY,Inspire and getting inspired as a developer | Mina,37 Inspire and getting inspired as a developer | Mina We have talked about: - Her story - Her future plans with javascript - Inspiring ...,2020-12-01T10:49:44Z
YB_JczuaMrA,Establishing credibility (+startups for software engineers) - Hassan El Mghari,36 Establishing credibility (+startups for software engineers) - Hassan El Mghari We have talked about: @HassanElMghari - How ...,2020-11-30T12:55:24Z
v2PXe19lsEg,Learning in public with 100 Days of Code challenge | Marko Denic,35 Learning in public with 100 Days of Code challenge | Marko Denic We have talked about: - His past as a mechanical engineer ...,2020-11-29T14:50:35Z
rPP-umPNk5M,CSS: Coding in a different way - Pratham Kumar,34 CSS: Coding in a different way - Pratham We have talked about: - His story - CSS - Twitter experience - Experience as an ...,2020-11-28T12:32:39Z
iEXhULy0Hlk,"9 Devs from Twitter: Jenny, Francesco, Deni, Ravin, Ro, Annie, Simon, Raf, Ria",is for GOOD and USEFUL topics 0:00:00 Waiting for Everybody 0:16:23 all 9 joined and screenshot! 0:17:00 ‚ú≥Ô∏èTwitter accounts ...,2020-11-26T17:43:46Z
43B15Vd7MlM,Docker: The past and the future in the DevOps World | Michael Irwin,32 Docker: The past and the future in the DevOps World | Michael Irwin @mikesir87 @DockerInc We have talked about: - Virginia ...,2020-11-26T10:43:26Z
FK8Pgdzt-lU,The story and the future of Codacy as a DevOps tool | Jaime Jorge,31 The story and the future of Codacy as a DevOps tool | Jaime Jorge @codacydev We have talked about: - The story of Codacy ...,2020-11-25T12:42:53Z
XhANODKeoBY,Introvertubers - Seema Saharan,30 Introvertubers - Seema Saharan @SeemaSaharan We have talked about: - Her YouTube Channel - Women in Tech ...,2020-11-24T11:12:21Z
022umAZ7DDM,Believe in the Dev Community | Faye Sipiano,29 Believe in the Dev Community | Faye Sipiano We have talked about: - WeStryve - Her Journey through the pandemic ...,2020-11-23T13:17:50Z
5pCZaMh2QWk,How to start a developer podcast series | Scott Spence,"28 How to start a developer podcast series | Scott Spence We have talked about: - Twitter Algorithm (aka ""the Beast"") - JamStack ...",2020-11-22T13:40:46Z
5Rf2n7YvC-w,How to start YouTube with 0 online presence (+ Flutter made simple) | Tadas Petra,27 How to start YouTube with 0 online presence (+ Flutter made simple) | Tadas Petra We have talked about: - His YouTube ...,2020-11-21T13:16:15Z
3_PaazxmMVg,freeCodeCamp: A resource to learn to code... and more | Quincy Larson,26 freeCodeCamp: A resource to learn to code... and more | Quincy Larson We have talked about: - Quick Recap of the story of ...,2020-11-20T14:33:54Z
4yrZJMxK_Gw,Enjoy what you are doing as a developer (or not) + Her SECRET! | Pauline P. Narvas (aka Pawlean),"25 There are moments, in our lives, when we realize we don't have to do what we have been told to be. We can also pursue our ...",2020-11-19T11:11:15Z
VW27-n6A5Ns,Being a Teacher Developer Advocate | James Q Quick,24 Being a Teacher Developer Advocate | James Q Quick @JamesQQuick We have talked about: - How he became a developer ...,2020-11-18T13:25:00Z
hr0zmhFuXS0,"Developers&#39; Community is about people, not code (+ Vuejs explanation) - Marc Backes","23 We have talked about: - Marc's journey to development, by traveling all around the world - His great experience with VueJS ...",2020-11-17T10:10:34Z
uJxYr0vQW6A,Confidence is a learned skill (from Opera Singer to Developer) | Anna McDougall,22 Confidence is a learned skill: lessons from an opera singer turned web developer | Anna McDougall We have talked about: ...,2020-11-16T16:04:49Z
km-kdGXWGuo,Authenticity and brave decisions to follow your dreams | Thomas Weibenfalk,21 *This is the first interview of Thomas Weibenfalk available on the Internet* We have talked about: - His secret degree! - Course ...,2020-11-15T14:24:11Z
BOpR1B8_KG4,"Sales as a developer, using communication in the right way - Jose R. Rosado","20 Sales as a developer, using communication in the right way - Jose R. Rosado We have talked about: @JoseRosado 0:00 ...",2020-11-14T13:33:16Z
cC56kHRiWV4,From Development to Wine industry and back again. How to get clients by drinking Beer! - Niall Maher,"19 This is the story of this awesome Irish guy, who found in development a way to fulfill his dreams. We have also talked about ...",2020-11-13T13:08:04Z
xWbXL478110,"From Marketing, Chemistry, Makeup to development. How to use previous job experiences | R√≠a Corpeno","18 In this video, we will talk with R√≠a Corpeno, from New York, about all her previous jobs, the switch to development, her ...",2020-11-12T14:08:08Z
AX76PwCInRc,"From Commodore 64 to Nearform, Node TSC, PinoJS, Fastify (+Amazing tips for devs) - Matteo Collina","17 In this video, we will know the story of how Matteo jumped into development and NodeJS. It also contains insanely good tips for ...",2020-11-11T11:30:57Z
oWTFvN2ykoA,Freelancing as a developer in the right way - Kyle Prinsloo,16 Freelancing as a developer in the right way - Kyle Prinsloo The complete web development Bundle: ...,2020-11-10T12:48:34Z
pQ5fk-9ndy0,Secrets to be successful on YouTube | Codestackr,15 Secrets to be successful on YouTube | Codestackr Codestackr @codeSTACKr Youtube Channel: ...,2020-11-09T13:51:56Z
PYl4l3u7nWg,Learning to code while having fun creating games | Ania Kub√≥w,14 Learning to code while having fun creating games | Ania Kub√≥w Ania Kub√≥w ...,2020-11-08T15:58:44Z
9Um4vsiJFnQ,How to create capital C Content as a Developer | Ben Awad,13 How to create capital C Content as a Developer | Ben Awad Ben Awad @bawad Youtube: ...,2020-11-07T15:36:56Z
VTxskhxd1Ns,Find your purpose as a developer (or not) - Santiago,12 Find your purpose as a developer (or not) - Santiago We talked about: - how important it is to always have a PURPOSE - his ...,2020-11-06T11:36:08Z
frDHavqReWs,Growing as a Software Engineer with 1-1 Mentorship - Ankur Tyagi,11 Growing as a Software Engineer with 1-1 Mentorship - Ankur Tyagi 2-1-1 Friday Newsletter: https://codelifefitness.com/2-1-1/ ...,2020-11-05T11:45:57Z
h1_-JEsJoYs,Mental Health for developers - Rojhan Paydar (Ro),10 Mental Health for developers - Rojhan Paydar (Ro) Ro Personal Site: https://www.rothecoder.com/ Discord Server: ...,2020-11-04T13:51:43Z
08RuhPRq-_U,"Path to software Developer (Ruby on Rails, Flask, VueJS, Freecodecamp) | Jenny Potts","9 Path to software Developer (Ruby on Rails, Flask, VueJS, Freecodecamp) | Jenny Potts Youtube Channel: ...",2020-11-03T11:05:16Z
tCfHIh1IQRk,How an hackathon experience can change a developer&#39;s life | Nirbhay Vashisht,8 Nirbhay Vashisht https://twitter.com/nirbhayvashisht Francesco Ciulla ‚ù§Ô∏è SUPPORT ...,2020-11-02T11:10:24Z
kC8tcs7Tjsc,How to engage with your audience | Danny Thompson,7 HOW TO GET FOLLOWERS ON TWITTER - Danny Thompson: https://gumroad.com/a/1048671347 Danny Thompson: TWITTER ...,2020-11-01T12:15:16Z
CKkD5zTOz6w,Time management to start a business | Simon Hoiberg,3 Time management to start a business | Simon Hoiberg Simon's references: Simon Hoiberg Twitter API Client: ...,2020-10-28T13:54:27Z
